MatchNumber,Innings,Over,BallNumber,PowerPlay,SpinBowler,BattingAverage,BatsmenRuns,BatsmanRuns_cumul,runs_0,runs_1,runs_2,runs_3,runs_4,runs_6,Wicket
1,1,1,1,1,0,18.9,0,0,1,0,0,0,0,0,0
1,1,1,2,1,0,18.9,0,0,1,0,0,0,0,0,0
1,1,1,3,1,0,18.9,0,0,1,0,0,0,0,0,0
1,1,1,4,1,0,18.9,0,0,0,0,0,0,0,0,1
1,1,1,5,1,0,47,0,0,1,0,0,0,0,0,0
1,1,1,6,1,0,47,0,0,1,0,0,0,0,0,0
1,1,2,1,1,0,24.72727273,0,0,1,0,0,0,0,0,0
1,1,2,2,1,0,24.72727273,1,1,0,1,0,0,0,0,0
1,1,2,3,1,0,47,0,1,1,0,0,0,0,0,0
1,1,2,4,1,0,47,4,5,0,0,0,0,1,0,0
1,1,2,5,1,0,47,4,9,0,0,0,0,1,0,0
1,1,2,6,1,0,47,4,13,0,0,0,0,1,0,0
1,1,3,1,1,0,24.72727273,0,13,1,0,0,0,0,0,0
1,1,3,2,1,0,24.72727273,0,13,1,0,0,0,0,0,0
1,1,3,3,1,0,24.72727273,0,13,1,0,0,0,0,0,0
1,1,3,4,1,0,24.72727273,1,14,0,1,0,0,0,0,0
1,1,3,5,1,0,47,0,14,1,0,0,0,0,0,0
1,1,3,6,1,0,47,1,15,0,1,0,0,0,0,0
1,1,4,1,1,0,47,2,17,0,0,1,0,0,0,0
1,1,4,2,1,0,47,4,21,0,0,0,0,1,0,0
1,1,4,3,1,0,47,4,25,0,0,0,0,1,0,0
1,1,4,4,1,0,47,0,25,1,0,0,0,0,0,0
1,1,4,5,1,0,47,0,25,1,0,0,0,0,0,0
1,1,4,6,1,0,47,2,27,0,0,1,0,0,0,0
1,1,5,1,1,0,24.72727273,0,27,1,0,0,0,0,0,0
1,1,5,2,1,0,24.72727273,4,31,0,0,0,0,1,0,0
1,1,5,3,1,0,24.72727273,1,32,0,1,0,0,0,0,0
1,1,5,4,1,0,47,4,36,0,0,0,0,1,0,0
1,1,5,5,1,0,47,2,38,0,0,1,0,0,0,0
1,1,5,6,1,0,47,1,39,0,1,0,0,0,0,0
1,1,6,1,1,0,47,4,43,0,0,0,0,1,0,0
1,1,6,2,1,0,47,4,47,0,0,0,0,1,0,0
1,1,6,3,1,0,47,0,47,1,0,0,0,0,0,0
1,1,6,4,1,0,47,4,51,0,0,0,0,1,0,0
1,1,6,5,1,0,47,4,55,0,0,0,0,1,0,0
1,1,6,6,1,0,47,0,55,1,0,0,0,0,0,0
1,1,7,1,0,0,24.72727273,4,59,0,0,0,0,1,0,0
1,1,7,2,0,0,24.72727273,1,60,0,1,0,0,0,0,0
1,1,7,3,0,0,47,1,61,0,1,0,0,0,0,0
1,1,7,4,0,0,24.72727273,1,62,0,1,0,0,0,0,0
1,1,7,5,0,0,47,2,64,0,0,1,0,0,0,0
1,1,7,6,0,0,47,0,64,1,0,0,0,0,0,0
1,1,8,1,0,1,47,1,65,0,1,0,0,0,0,0
1,1,8,2,0,1,24.72727273,0,65,1,0,0,0,0,0,0
1,1,8,3,0,1,24.72727273,4,69,0,0,0,0,1,0,0
1,1,8,4,0,1,24.72727273,1,70,0,1,0,0,0,0,0
1,1,8,5,0,1,47,4,74,0,0,0,0,1,0,0
1,1,8,6,0,1,47,0,74,1,0,0,0,0,0,0
1,1,9,1,0,1,24.72727273,1,75,0,1,0,0,0,0,0
1,1,9,2,0,1,47,0,75,1,0,0,0,0,0,0
1,1,9,3,0,1,24.72727273,1,76,0,1,0,0,0,0,0
1,1,9,4,0,1,24.72727273,1,77,0,0,0,0,0,0,1
1,1,9,5,0,1,16.16666667,1,78,0,1,0,0,0,0,0
1,1,9,6,0,1,24.72727273,1,79,0,1,0,0,0,0,0
1,1,10,1,0,1,24.72727273,1,80,0,1,0,0,0,0,0
1,1,10,2,0,1,16.16666667,1,81,0,1,0,0,0,0,0
1,1,10,3,0,1,24.72727273,1,82,0,1,0,0,0,0,0
1,1,10,4,0,1,16.16666667,1,83,0,1,0,0,0,0,0
1,1,10,5,0,1,24.72727273,0,83,1,0,0,0,0,0,0
1,1,10,6,0,1,24.72727273,1,84,0,1,0,0,0,0,0
1,1,11,1,0,1,24.72727273,6,90,0,0,0,0,0,1,0
1,1,11,2,0,1,24.72727273,2,92,0,0,1,0,0,0,0
1,1,11,3,0,1,24.72727273,0,92,1,0,0,0,0,0,0
1,1,11,4,0,1,16.16666667,0,92,1,0,0,0,0,0,0
1,1,11,5,0,1,24.72727273,1,93,0,1,0,0,0,0,0
1,1,11,6,0,1,16.16666667,1,94,0,1,0,0,0,0,0
1,1,12,1,0,1,16.16666667,1,95,0,1,0,0,0,0,0
1,1,12,2,0,1,24.72727273,4,99,0,0,0,0,1,0,0
1,1,12,3,0,1,24.72727273,1,100,0,1,0,0,0,0,0
1,1,12,4,0,1,16.16666667,2,102,0,0,1,0,0,0,0
1,1,12,5,0,1,16.16666667,2,104,0,0,1,0,0,0,0
1,1,12,6,0,1,16.16666667,1,105,0,1,0,0,0,0,0
1,1,13,1,0,1,16.16666667,1,106,0,1,0,0,0,0,0
1,1,13,2,0,1,24.72727273,2,108,0,0,1,0,0,0,0
1,1,13,3,0,1,24.72727273,1,109,0,1,0,0,0,0,0
1,1,13,4,0,1,16.16666667,1,110,0,1,0,0,0,0,0
1,1,13,5,0,1,24.72727273,1,111,0,1,0,0,0,0,0
1,1,13,6,0,1,16.16666667,1,112,0,1,0,0,0,0,0
1,1,14,1,0,1,16.16666667,4,116,0,0,0,0,1,0,0
1,1,14,2,0,1,16.16666667,1,117,0,1,0,0,0,0,0
1,1,14,3,0,1,24.72727273,4,121,0,0,0,0,1,0,0
1,1,14,4,0,1,24.72727273,1,122,0,1,0,0,0,0,0
1,1,14,5,0,1,16.16666667,1,123,0,1,0,0,0,0,0
1,1,14,6,0,1,24.72727273,4,127,0,0,0,0,1,0,0
1,1,15,1,0,1,16.16666667,1,128,0,1,0,0,0,0,0
1,1,15,2,0,1,24.72727273,0,128,0,0,0,0,0,0,1
1,1,15,3,0,1,16.16666667,0,128,1,0,0,0,0,0,0
1,1,15,4,0,1,16.16666667,1,129,0,1,0,0,0,0,0
1,1,15,5,0,1,145,1,130,0,1,0,0,0,0,0
1,1,15,6,0,1,16.16666667,6,136,0,0,0,0,0,1,0
1,1,16,1,0,0,145,0,136,1,0,0,0,0,0,0
1,1,16,2,0,0,145,0,136,1,0,0,0,0,0,0
1,1,16,3,0,0,145,1,137,0,1,0,0,0,0,0
1,1,16,4,0,0,16.16666667,0,137,0,0,0,0,0,0,1
1,1,16,5,0,0,145,0,137,1,0,0,0,0,0,0
1,1,16,6,0,0,145,0,137,1,0,0,0,0,0,0
1,1,17,1,0,1,12.83333333,2,139,0,0,1,0,0,0,0
1,1,17,2,0,1,12.83333333,1,140,0,1,0,0,0,0,0
1,1,17,3,0,1,145,1,141,0,1,0,0,0,0,0
1,1,17,4,0,1,12.83333333,0,141,0,0,0,0,0,0,1
1,1,17,5,0,1,6.666666667,0,141,1,0,0,0,0,0,0
1,1,17,6,0,1,6.666666667,1,142,0,1,0,0,0,0,0
1,1,18,1,0,0,6.666666667,1,143,0,1,0,0,0,0,0
1,1,18,2,0,0,145,1,144,0,1,0,0,0,0,0
1,1,18,3,0,0,6.666666667,4,148,0,0,0,0,1,0,0
1,1,18,4,0,0,6.666666667,0,148,1,0,0,0,0,0,0
1,1,18,5,0,0,6.666666667,2,150,0,0,1,0,0,0,0
1,1,18,6,0,0,6.666666667,0,150,1,0,0,0,0,0,0
1,1,19,1,0,1,145,1,151,0,1,0,0,0,0,0
1,1,19,2,0,1,6.666666667,0,151,1,0,0,0,0,0,0
1,1,19,3,0,1,6.666666667,1,152,0,1,0,0,0,0,0
1,1,19,4,0,1,145,1,153,0,1,0,0,0,0,0
1,1,19,5,0,1,6.666666667,4,157,0,0,0,0,1,0,0
1,1,19,6,0,1,6.666666667,0,157,0,0,0,0,0,0,1
1,1,20,1,0,0,145,0,157,1,0,0,0,0,0,0
1,1,20,2,0,0,145,0,157,0,0,0,0,0,0,1
1,1,20,3,0,0,145,2,159,0,0,1,0,0,0,0
1,1,20,4,0,0,145,3,162,0,0,0,1,0,0,0
1,1,20,5,0,0,145,3,165,0,0,0,0,0,0,1
1,1,20,6,0,0,18.375,1,166,0,1,0,0,0,0,0
2,1,1,1,1,0,19.69230769,0,0,1,0,0,0,0,0,0
2,1,1,2,1,0,19.69230769,2,2,0,0,1,0,0,0,0
2,1,1,3,1,0,19.69230769,2,4,0,0,1,0,0,0,0
2,1,1,4,1,0,19.69230769,0,4,1,0,0,0,0,0,0
2,1,1,5,1,0,19.69230769,1,5,0,1,0,0,0,0,0
2,1,1,6,1,0,26.64285714,1,6,0,1,0,0,0,0,0
2,1,2,1,1,0,26.64285714,0,6,1,0,0,0,0,0,0
2,1,2,2,1,0,26.64285714,0,6,1,0,0,0,0,0,0
2,1,2,3,1,0,26.64285714,4,10,0,0,0,0,1,0,0
2,1,2,4,1,0,26.64285714,1,11,0,1,0,0,0,0,0
2,1,2,5,1,0,19.69230769,1,12,0,1,0,0,0,0,0
2,1,2,6,1,0,26.64285714,1,13,0,1,0,0,0,0,0
2,1,3,1,1,0,26.64285714,1,14,0,1,0,0,0,0,0
2,1,3,2,1,0,19.69230769,4,18,0,0,0,0,1,0,0
2,1,3,3,1,0,19.69230769,4,22,0,0,0,0,1,0,0
2,1,3,4,1,0,19.69230769,1,23,0,1,0,0,0,0,0
2,1,3,5,1,0,26.64285714,1,24,0,1,0,0,0,0,0
2,1,3,6,1,0,19.69230769,1,25,0,1,0,0,0,0,0
2,1,4,1,1,0,19.69230769,4,29,0,0,0,0,1,0,0
2,1,4,2,1,0,19.69230769,0,29,0,0,0,0,0,0,1
2,1,4,3,1,0,40,0,29,1,0,0,0,0,0,0
2,1,4,4,1,0,26.64285714,4,33,0,0,0,0,1,0,0
2,1,4,5,1,0,26.64285714,1,34,0,1,0,0,0,0,0
2,1,4,6,1,0,40,0,34,1,0,0,0,0,0,0
2,1,5,1,1,0,26.64285714,4,38,0,0,0,0,1,0,0
2,1,5,2,1,0,26.64285714,0,38,1,0,0,0,0,0,0
2,1,5,3,1,0,26.64285714,0,38,1,0,0,0,0,0,0
2,1,5,4,1,0,26.64285714,0,38,1,0,0,0,0,0,0
2,1,5,5,1,0,26.64285714,4,42,0,0,0,0,1,0,0
2,1,5,6,1,0,26.64285714,0,42,1,0,0,0,0,0,0
2,1,6,1,1,0,40,1,43,0,1,0,0,0,0,0
2,1,6,2,1,0,26.64285714,0,43,1,0,0,0,0,0,0
2,1,6,3,1,0,26.64285714,0,43,1,0,0,0,0,0,0
2,1,6,4,1,0,26.64285714,0,43,1,0,0,0,0,0,0
2,1,6,5,1,0,26.64285714,0,43,1,0,0,0,0,0,0
2,1,6,6,1,0,26.64285714,0,43,1,0,0,0,0,0,0
2,1,7,1,0,0,40,0,43,1,0,0,0,0,0,0
2,1,7,2,0,0,40,1,44,0,1,0,0,0,0,0
2,1,7,3,0,0,26.64285714,1,45,0,1,0,0,0,0,0
2,1,7,4,0,0,40,1,46,0,1,0,0,0,0,0
2,1,7,5,0,0,26.64285714,0,46,1,0,0,0,0,0,0
2,1,7,6,0,0,26.64285714,1,47,0,1,0,0,0,0,0
2,1,8,1,0,1,26.64285714,0,47,1,0,0,0,0,0,0
2,1,8,2,0,1,26.64285714,6,53,0,0,0,0,0,1,0
2,1,8,3,0,1,26.64285714,1,54,0,1,0,0,0,0,0
2,1,8,4,0,1,40,1,55,0,1,0,0,0,0,0
2,1,8,5,0,1,26.64285714,1,56,0,1,0,0,0,0,0
2,1,8,6,0,1,40,1,57,0,1,0,0,0,0,0
2,1,9,1,0,0,40,0,57,1,0,0,0,0,0,0
2,1,9,2,0,0,40,1,58,0,1,0,0,0,0,0
2,1,9,3,0,0,26.64285714,0,58,1,0,0,0,0,0,0
2,1,9,4,0,0,26.64285714,0,58,1,0,0,0,0,0,0
2,1,9,5,0,0,26.64285714,2,60,0,0,1,0,0,0,0
2,1,9,6,0,0,26.64285714,4,64,0,0,0,0,1,0,0
2,1,10,1,0,1,40,2,66,0,0,1,0,0,0,0
2,1,10,2,0,1,40,0,66,0,0,0,0,0,0,1
2,1,10,3,0,1,26.64285714,1,67,0,1,0,0,0,0,0
2,1,10,4,0,1,17.44444444,0,67,1,0,0,0,0,0,0
2,1,10,5,0,1,17.44444444,0,67,1,0,0,0,0,0,0
2,1,10,6,0,1,17.44444444,1,68,0,1,0,0,0,0,0
2,1,11,1,0,1,17.44444444,1,69,0,1,0,0,0,0,0
2,1,11,2,0,1,26.64285714,0,69,0,0,0,0,0,0,1
2,1,11,3,0,1,17.44444444,0,69,1,0,0,0,0,0,0
2,1,11,4,0,1,17.44444444,2,71,0,0,1,0,0,0,0
2,1,11,5,0,1,17.44444444,3,74,0,0,0,1,0,0,0
2,1,11,6,0,1,117.6666667,0,74,1,0,0,0,0,0,0
2,1,12,1,0,1,17.44444444,4,78,0,0,0,0,1,0,0
2,1,12,2,0,1,17.44444444,1,79,0,1,0,0,0,0,0
2,1,12,3,0,1,117.6666667,1,80,0,1,0,0,0,0,0
2,1,12,4,0,1,17.44444444,0,80,1,0,0,0,0,0,0
2,1,12,5,0,1,17.44444444,1,81,0,1,0,0,0,0,0
2,1,12,6,0,1,117.6666667,1,82,0,1,0,0,0,0,0
2,1,13,1,0,0,117.6666667,0,82,1,0,0,0,0,0,0
2,1,13,2,0,0,117.6666667,1,83,0,1,0,0,0,0,0
2,1,13,3,0,0,17.44444444,4,87,0,0,0,0,1,0,0
2,1,13,4,0,0,17.44444444,1,88,0,1,0,0,0,0,0
2,1,13,5,0,0,117.6666667,2,90,0,0,1,0,0,0,0
2,1,13,6,0,0,117.6666667,1,91,0,1,0,0,0,0,0
2,1,14,1,0,1,117.6666667,0,91,1,0,0,0,0,0,0
2,1,14,2,0,1,117.6666667,1,92,0,1,0,0,0,0,0
2,1,14,3,0,1,17.44444444,1,93,0,1,0,0,0,0,0
2,1,14,4,0,1,117.6666667,1,94,0,1,0,0,0,0,0
2,1,14,5,0,1,17.44444444,1,95,0,1,0,0,0,0,0
2,1,14,6,0,1,117.6666667,1,96,0,1,0,0,0,0,0
2,1,15,1,0,0,117.6666667,1,97,0,1,0,0,0,0,0
2,1,15,2,0,0,17.44444444,0,97,1,0,0,0,0,0,0
2,1,15,3,0,0,17.44444444,0,97,1,0,0,0,0,0,0
2,1,15,4,0,0,17.44444444,0,97,1,0,0,0,0,0,0
2,1,15,5,0,0,117.6666667,1,98,0,1,0,0,0,0,0
2,1,15,6,0,0,17.44444444,1,99,0,1,0,0,0,0,0
2,1,16,1,0,1,17.44444444,2,101,0,0,1,0,0,0,0
2,1,16,2,0,1,17.44444444,6,107,0,0,0,0,0,1,0
2,1,16,3,0,1,17.44444444,0,107,1,0,0,0,0,0,0
2,1,16,4,0,1,117.6666667,1,108,0,1,0,0,0,0,0
2,1,16,5,0,1,17.44444444,1,109,0,1,0,0,0,0,0
2,1,16,6,0,1,117.6666667,4,113,0,0,0,0,1,0,0
2,1,16,1,0,1,17.44444444,0,113,0,0,0,0,0,0,1
2,1,17,2,0,0,12.75,1,114,0,1,0,0,0,0,0
2,1,17,3,0,0,117.6666667,1,115,0,1,0,0,0,0,0
2,1,17,4,0,0,12.75,4,119,0,0,0,0,1,0,0
2,1,17,5,0,0,12.75,4,123,0,0,0,0,1,0,0
2,1,17,6,0,0,12.75,1,124,0,1,0,0,0,0,0
2,1,18,1,0,0,12.75,1,125,0,1,0,0,0,0,0
2,1,18,2,0,0,117.6666667,2,127,0,0,1,0,0,0,0
2,1,18,3,0,0,117.6666667,4,131,0,0,0,0,1,0,0
2,1,18,4,0,0,117.6666667,1,132,0,1,0,0,0,0,0
2,1,18,5,0,0,12.75,1,133,0,1,0,0,0,0,0
2,1,18,6,0,0,117.6666667,2,135,0,0,1,0,0,0,0
2,1,19,1,0,0,12.75,0,135,1,0,0,0,0,0,0
2,1,19,2,0,0,12.75,6,141,0,0,0,0,0,1,0
2,1,19,3,0,0,12.75,1,142,0,1,0,0,0,0,0
2,1,19,4,0,0,117.6666667,2,144,0,0,1,0,0,0,0
2,1,19,5,0,0,117.6666667,4,148,0,0,0,0,1,0,0
2,1,19,6,0,0,117.6666667,1,149,0,1,0,0,0,0,0
2,1,20,1,0,0,117.6666667,1,150,0,1,0,0,0,0,0
2,1,20,2,0,0,12.75,0,150,1,0,0,0,0,0,0
2,1,20,3,0,0,12.75,4,154,0,0,0,0,1,0,0
2,1,20,4,0,0,12.75,4,158,0,0,0,0,1,0,0
2,1,20,5,0,0,12.75,4,162,0,0,0,0,1,0,0
2,1,20,6,0,0,12.75,6,168,0,0,0,0,0,1,0
3,1,1,1,1,0,20.26666667,0,0,1,0,0,0,0,0,0
3,1,1,2,1,0,20.26666667,1,1,0,1,0,0,0,0,0
3,1,1,3,1,0,27,0,1,1,0,0,0,0,0,0
3,1,1,4,1,0,27,0,1,1,0,0,0,0,0,0
3,1,1,5,1,0,27,1,2,0,1,0,0,0,0,0
3,1,1,6,1,0,20.26666667,0,2,1,0,0,0,0,0,0
3,1,2,1,1,0,27,0,2,1,0,0,0,0,0,0
3,1,2,2,1,0,27,1,3,0,1,0,0,0,0,0
3,1,2,3,1,0,20.26666667,0,3,1,0,0,0,0,0,0
3,1,2,4,1,0,27,0,3,1,0,0,0,0,0,0
3,1,2,5,1,0,27,0,3,1,0,0,0,0,0,0
3,1,2,6,1,0,27,1,4,0,1,0,0,0,0,0
3,1,3,1,1,0,27,0,4,1,0,0,0,0,0,0
3,1,3,2,1,0,27,0,4,0,0,0,0,0,0,1
3,1,3,3,1,0,36.44444444,0,4,1,0,0,0,0,0,0
3,1,3,4,1,0,36.44444444,1,5,0,1,0,0,0,0,0
3,1,3,5,1,0,20.26666667,0,5,1,0,0,0,0,0,0
3,1,3,6,1,0,20.26666667,4,9,0,0,0,0,1,0,0
3,1,4,1,1,0,36.44444444,0,9,1,0,0,0,0,0,0
3,1,4,2,1,0,36.44444444,1,10,0,1,0,0,0,0,0
3,1,4,3,1,0,20.26666667,1,11,0,1,0,0,0,0,0
3,1,4,4,1,0,36.44444444,0,11,1,0,0,0,0,0,0
3,1,4,5,1,0,36.44444444,4,15,0,0,0,0,1,0,0
3,1,4,6,1,0,36.44444444,1,16,0,1,0,0,0,0,0
3,1,5,1,1,0,36.44444444,0,16,1,0,0,0,0,0,0
3,1,5,2,1,0,36.44444444,2,18,0,0,1,0,0,0,0
3,1,5,3,1,0,36.44444444,0,18,1,0,0,0,0,0,0
3,1,5,4,1,0,36.44444444,1,19,0,1,0,0,0,0,0
3,1,5,5,1,0,20.26666667,0,19,1,0,0,0,0,0,0
3,1,5,6,1,0,36.44444444,4,23,0,0,0,0,1,0,0
3,1,6,1,1,0,20.26666667,4,27,0,0,0,0,1,0,0
3,1,6,2,1,0,20.26666667,0,27,1,0,0,0,0,0,0
3,1,6,3,1,0,20.26666667,6,33,0,0,0,0,0,1,0
3,1,6,4,1,0,20.26666667,1,34,0,1,0,0,0,0,0
3,1,6,5,1,0,36.44444444,0,34,1,0,0,0,0,0,0
3,1,6,6,1,0,36.44444444,4,38,0,0,0,0,1,0,0
3,1,7,1,0,0,20.26666667,0,38,1,0,0,0,0,0,0
3,1,7,2,0,0,20.26666667,1,39,0,1,0,0,0,0,0
3,1,7,3,0,0,36.44444444,1,40,0,1,0,0,0,0,0
3,1,7,4,0,0,20.26666667,0,40,0,0,0,0,0,0,1
3,1,7,5,0,0,20.7,1,41,0,1,0,0,0,0,0
3,1,7,6,0,0,36.44444444,4,45,0,0,0,0,1,0,0
3,1,8,1,0,1,20.7,2,47,0,0,1,0,0,0,0
3,1,8,2,0,1,20.7,1,48,0,1,0,0,0,0,0
3,1,8,3,0,1,36.44444444,1,49,0,1,0,0,0,0,0
3,1,8,4,0,1,20.7,2,51,0,0,1,0,0,0,0
3,1,8,5,0,1,20.7,1,52,0,1,0,0,0,0,0
3,1,8,6,0,1,36.44444444,1,53,0,1,0,0,0,0,0
3,1,9,1,0,1,36.44444444,1,54,0,1,0,0,0,0,0
3,1,9,2,0,1,20.7,0,54,1,0,0,0,0,0,0
3,1,9,3,0,1,20.7,6,60,0,0,0,0,0,1,0
3,1,9,4,0,1,20.7,2,62,0,0,1,0,0,0,0
3,1,9,5,0,1,20.7,1,63,0,1,0,0,0,0,0
3,1,9,6,0,1,36.44444444,1,64,0,1,0,0,0,0,0
3,1,10,1,0,1,36.44444444,4,68,0,0,0,0,1,0,0
3,1,10,2,0,1,36.44444444,4,72,0,0,0,0,1,0,0
3,1,10,3,0,1,36.44444444,0,72,1,0,0,0,0,0,0
3,1,10,4,0,1,36.44444444,1,73,0,1,0,0,0,0,0
3,1,10,5,0,1,20.7,1,74,0,1,0,0,0,0,0
3,1,10,6,0,1,36.44444444,4,78,0,0,0,0,1,0,0
3,1,11,1,0,1,20.7,1,79,0,1,0,0,0,0,0
3,1,11,2,0,1,36.44444444,1,80,0,1,0,0,0,0,0
3,1,11,3,0,1,20.7,4,84,0,0,0,0,1,0,0
3,1,11,4,0,1,20.7,0,84,1,0,0,0,0,0,0
3,1,11,5,0,1,20.7,1,85,0,1,0,0,0,0,0
3,1,11,6,0,1,36.44444444,0,85,0,0,0,0,0,0,1
3,1,12,1,0,0,20.7,1,86,0,1,0,0,0,0,0
3,1,12,2,0,0,20.81818182,1,87,0,1,0,0,0,0,0
3,1,12,3,0,0,20.7,2,89,0,0,1,0,0,0,0
3,1,12,4,0,0,20.7,0,89,0,0,0,0,0,0,1
3,1,12,5,0,0,20.7,0,89,1,0,0,0,0,0,0
3,1,12,6,0,0,20.7,0,89,1,0,0,0,0,0,0
3,1,13,1,0,1,100.5,1,90,0,1,0,0,0,0,0
3,1,13,2,0,1,20.7,2,92,0,0,1,0,0,0,0
3,1,13,3,0,1,20.7,1,93,0,1,0,0,0,0,0
3,1,13,4,0,1,100.5,0,93,1,0,0,0,0,0,0
3,1,13,5,0,1,100.5,2,95,0,0,1,0,0,0,0
3,1,13,6,0,1,100.5,2,97,0,0,1,0,0,0,0
3,1,14,1,0,0,20.7,0,97,1,0,0,0,0,0,0
3,1,14,2,0,0,20.7,1,98,0,1,0,0,0,0,0
3,1,14,3,0,0,100.5,1,99,0,1,0,0,0,0,0
3,1,14,4,0,0,20.7,6,105,0,0,0,0,0,1,0
3,1,14,5,0,0,20.7,2,107,0,0,1,0,0,0,0
3,1,14,6,0,0,20.7,1,108,0,1,0,0,0,0,0
3,1,15,1,0,1,20.7,1,109,0,1,0,0,0,0,0
3,1,15,2,0,1,100.5,1,110,0,1,0,0,0,0,0
3,1,15,3,0,1,20.7,0,110,0,0,0,0,0,0,1
3,1,15,4,0,1,5.428571429,0,110,1,0,0,0,0,0,0
3,1,15,5,0,1,5.428571429,0,110,1,0,0,0,0,0,0
3,1,15,6,0,1,5.428571429,1,111,0,1,0,0,0,0,0
3,1,16,1,0,0,5.428571429,0,111,1,0,0,0,0,0,0
3,1,16,2,0,0,5.428571429,2,113,0,0,1,0,0,0,0
3,1,16,3,0,0,5.428571429,0,113,1,0,0,0,0,0,0
3,1,16,4,0,0,5.428571429,0,113,0,0,0,0,0,0,1
3,1,16,5,0,0,100.5,1,114,0,1,0,0,0,0,0
3,1,16,6,0,0,18.25,0,114,1,0,0,0,0,0,0
3,1,17,1,0,0,100.5,2,116,0,0,1,0,0,0,0
3,1,17,2,0,0,100.5,2,118,0,0,1,0,0,0,0
3,1,17,3,0,0,100.5,2,120,0,0,1,0,0,0,0
3,1,17,4,0,0,100.5,1,121,0,1,0,0,0,0,0
3,1,17,5,0,0,18.25,1,122,0,1,0,0,0,0,0
3,1,17,6,0,0,100.5,2,124,0,0,1,0,0,0,0
3,1,18,1,0,0,18.25,6,130,0,0,0,0,0,1,0
3,1,18,2,0,0,18.25,1,131,0,1,0,0,0,0,0
3,1,18,3,0,0,100.5,1,132,0,1,0,0,0,0,0
3,1,18,4,0,0,18.25,4,136,0,0,0,0,1,0,0
3,1,18,5,0,0,18.25,1,137,0,1,0,0,0,0,0
3,1,18,6,0,0,100.5,1,138,0,1,0,0,0,0,0
3,1,19,1,0,0,100.5,1,139,0,1,0,0,0,0,0
3,1,19,2,0,0,18.25,4,143,0,0,0,0,1,0,0
3,1,19,3,0,0,18.25,0,143,1,0,0,0,0,0,0
3,1,19,4,0,0,18.25,2,145,0,0,1,0,0,0,0
3,1,19,5,0,0,18.25,0,145,1,0,0,0,0,0,0
3,1,19,6,0,0,100.5,1,146,0,1,0,0,0,0,0
3,1,20,1,0,0,100.5,1,147,0,1,0,0,0,0,0
3,1,20,2,0,0,18.25,2,149,0,0,1,0,0,0,0
3,1,20,3,0,0,18.25,0,149,0,0,0,0,0,0,1
3,1,20,4,0,0,100.5,2,151,0,0,1,0,0,0,0
3,1,20,5,0,0,100.5,4,155,0,0,0,0,1,0,0
3,1,20,6,0,0,100.5,2,157,0,0,1,0,0,0,0
5,1,1,1,1,1,24.44444444,4,4,0,0,0,0,1,0,0
5,1,1,2,1,1,24.44444444,4,8,0,0,0,0,1,0,0
5,1,1,3,1,1,24.44444444,0,8,1,0,0,0,0,0,0
5,1,1,4,1,1,24.44444444,1,9,0,1,0,0,0,0,0
5,1,1,5,1,1,21.94117647,0,9,1,0,0,0,0,0,0
5,1,1,6,1,1,21.94117647,1,10,0,1,0,0,0,0,0
5,1,2,1,1,0,21.94117647,0,10,1,0,0,0,0,0,0
5,1,2,2,1,0,21.94117647,4,14,0,0,0,0,1,0,0
5,1,2,3,1,0,21.94117647,4,18,0,0,0,0,1,0,0
5,1,2,4,1,0,21.94117647,1,19,0,1,0,0,0,0,0
5,1,2,5,1,0,24.44444444,1,20,0,1,0,0,0,0,0
5,1,2,6,1,0,21.94117647,2,22,0,0,1,0,0,0,0
5,1,3,1,1,0,24.44444444,1,23,0,1,0,0,0,0,0
5,1,3,2,1,0,21.94117647,4,27,0,0,0,0,1,0,0
5,1,3,3,1,0,21.94117647,2,29,0,0,1,0,0,0,0
5,1,3,4,1,0,21.94117647,1,30,0,1,0,0,0,0,0
5,1,3,5,1,0,24.44444444,0,30,1,0,0,0,0,0,0
5,1,3,6,1,0,24.44444444,1,31,0,1,0,0,0,0,0
5,1,4,1,1,0,24.44444444,0,31,1,0,0,0,0,0,0
5,1,4,2,1,0,24.44444444,0,31,1,0,0,0,0,0,0
5,1,4,3,1,0,24.44444444,4,35,0,0,0,0,1,0,0
5,1,4,4,1,0,24.44444444,1,36,0,1,0,0,0,0,0
5,1,4,5,1,0,21.94117647,4,40,0,0,0,0,1,0,0
5,1,4,6,1,0,21.94117647,4,44,0,0,0,0,1,0,0
5,1,4,1,1,0,24.44444444,0,44,0,0,0,0,0,0,1
5,1,5,2,1,0,33.90909091,0,44,1,0,0,0,0,0,0
5,1,5,3,1,0,33.90909091,0,44,1,0,0,0,0,0,0
5,1,5,4,1,0,33.90909091,1,45,0,1,0,0,0,0,0
5,1,5,5,1,0,21.94117647,0,45,1,0,0,0,0,0,0
5,1,5,6,1,0,21.94117647,2,47,0,0,1,0,0,0,0
5,1,6,1,1,0,33.90909091,4,51,0,0,0,0,1,0,0
5,1,6,2,1,0,33.90909091,2,53,0,0,1,0,0,0,0
5,1,6,3,1,0,33.90909091,0,53,1,0,0,0,0,0,0
5,1,6,4,1,0,33.90909091,0,53,1,0,0,0,0,0,0
5,1,6,5,1,0,33.90909091,1,54,0,1,0,0,0,0,0
5,1,6,6,1,0,21.94117647,1,55,0,1,0,0,0,0,0
5,1,7,1,0,1,21.94117647,0,55,1,0,0,0,0,0,0
5,1,7,2,0,1,21.94117647,1,56,0,1,0,0,0,0,0
5,1,7,3,0,1,33.90909091,2,58,0,0,1,0,0,0,0
5,1,7,4,0,1,33.90909091,0,58,0,0,0,0,0,0,1
5,1,7,5,0,1,19.61538462,1,59,0,1,0,0,0,0,0
5,1,7,6,0,1,21.94117647,1,60,0,1,0,0,0,0,0
5,1,8,1,0,1,21.94117647,1,61,0,1,0,0,0,0,0
5,1,8,2,0,1,19.61538462,0,61,1,0,0,0,0,0,0
5,1,8,3,0,1,19.61538462,1,62,0,1,0,0,0,0,0
5,1,8,4,0,1,21.94117647,1,63,0,1,0,0,0,0,0
5,1,8,5,0,1,19.61538462,1,64,0,1,0,0,0,0,0
5,1,8,6,0,1,21.94117647,0,64,1,0,0,0,0,0,0
5,1,9,1,0,1,19.61538462,0,64,1,0,0,0,0,0,0
5,1,9,2,0,1,19.61538462,4,68,0,0,0,0,1,0,0
5,1,9,3,0,1,19.61538462,0,68,1,0,0,0,0,0,0
5,1,9,4,0,1,19.61538462,0,68,1,0,0,0,0,0,0
5,1,9,5,0,1,21.94117647,0,68,1,0,0,0,0,0,0
5,1,9,6,0,1,21.94117647,1,69,0,1,0,0,0,0,0
5,1,10,1,0,1,21.94117647,2,71,0,0,1,0,0,0,0
5,1,10,2,0,1,21.94117647,1,72,0,1,0,0,0,0,0
5,1,10,3,0,1,19.61538462,1,73,0,1,0,0,0,0,0
5,1,10,4,0,1,21.94117647,0,73,1,0,0,0,0,0,0
5,1,10,5,0,1,21.94117647,0,73,1,0,0,0,0,0,0
5,1,10,6,0,1,21.94117647,2,75,0,0,1,0,0,0,0
5,1,11,1,0,0,19.61538462,1,76,0,1,0,0,0,0,0
5,1,11,2,0,0,21.94117647,0,76,1,0,0,0,0,0,0
5,1,11,3,0,0,21.94117647,2,78,0,0,1,0,0,0,0
5,1,11,4,0,0,21.94117647,4,82,0,0,0,0,1,0,0
5,1,11,5,0,0,21.94117647,1,83,0,1,0,0,0,0,0
5,1,11,6,0,0,19.61538462,0,83,0,0,0,0,0,0,1
5,1,12,1,0,1,21.94117647,1,84,0,1,0,0,0,0,0
5,1,12,2,0,1,88,1,85,0,1,0,0,0,0,0
5,1,12,3,0,1,21.94117647,0,85,1,0,0,0,0,0,0
5,1,12,4,0,1,21.94117647,1,86,0,1,0,0,0,0,0
5,1,12,5,0,1,88,0,86,0,0,0,0,0,0,1
5,1,12,6,0,1,5.777777778,0,86,1,0,0,0,0,0,0
5,1,13,1,0,0,21.94117647,1,87,0,1,0,0,0,0,0
5,1,13,2,0,0,5.777777778,0,87,1,0,0,0,0,0,0
5,1,13,3,0,0,5.777777778,1,88,0,1,0,0,0,0,0
5,1,13,4,0,0,21.94117647,4,92,0,0,0,0,1,0,0
5,1,13,5,0,0,21.94117647,1,93,0,1,0,0,0,0,0
5,1,13,6,0,0,5.777777778,2,95,0,0,1,0,0,0,0
5,1,14,1,0,1,21.94117647,0,95,1,0,0,0,0,0,0
5,1,14,2,0,1,21.94117647,0,95,1,0,0,0,0,0,0
5,1,14,3,0,1,21.94117647,1,96,0,1,0,0,0,0,0
5,1,14,4,0,1,5.777777778,0,96,0,0,0,0,0,0,1
5,1,14,5,0,1,4.6,1,97,0,1,0,0,0,0,0
5,1,14,6,0,1,21.94117647,1,98,0,1,0,0,0,0,0
5,1,15,1,0,1,21.94117647,0,98,1,0,0,0,0,0,0
5,1,15,2,0,1,21.94117647,1,99,0,1,0,0,0,0,0
5,1,15,3,0,1,4.6,1,100,0,1,0,0,0,0,0
5,1,15,4,0,1,21.94117647,2,102,0,0,1,0,0,0,0
5,1,15,5,0,1,21.94117647,1,103,0,1,0,0,0,0,0
5,1,15,6,0,1,4.6,0,103,1,0,0,0,0,0,0
5,1,16,1,0,0,4.6,1,104,0,1,0,0,0,0,0
5,1,16,2,0,0,21.94117647,1,105,0,1,0,0,0,0,0
5,1,16,3,0,0,4.6,0,105,1,0,0,0,0,0,0
5,1,16,4,0,0,4.6,3,108,0,0,0,1,0,0,0
5,1,16,5,0,0,21.94117647,1,109,0,1,0,0,0,0,0
5,1,16,6,0,0,4.6,4,113,0,0,0,0,1,0,0
5,1,17,1,0,0,21.94117647,1,114,0,1,0,0,0,0,0
5,1,17,2,0,0,4.6,2,116,0,0,1,0,0,0,0
5,1,17,3,0,0,4.6,1,117,0,1,0,0,0,0,0
5,1,17,4,0,0,21.94117647,1,118,0,1,0,0,0,0,0
5,1,17,5,0,0,4.6,1,119,0,1,0,0,0,0,0
5,1,17,6,0,0,21.94117647,0,119,1,0,0,0,0,0,0
5,1,18,1,0,0,4.6,4,123,0,0,0,0,1,0,0
5,1,18,2,0,0,4.6,2,125,0,0,1,0,0,0,0
5,1,18,3,0,0,4.6,1,126,0,1,0,0,0,0,0
5,1,18,4,0,0,21.94117647,1,127,0,1,0,0,0,0,0
5,1,18,5,0,0,4.6,0,127,1,0,0,0,0,0,0
5,1,18,6,0,0,21.94117647,6,133,0,0,0,0,0,1,0
5,1,19,1,0,0,4.6,2,135,0,0,1,0,0,0,0
5,1,19,2,0,0,4.6,1,136,0,1,0,0,0,0,0
5,1,19,3,0,0,21.94117647,1,137,0,1,0,0,0,0,0
5,1,19,4,0,0,4.6,2,139,0,0,1,0,0,0,0
5,1,19,5,0,0,4.6,1,140,0,1,0,0,0,0,0
5,1,19,6,0,0,21.94117647,2,142,0,0,1,0,0,0,0
5,1,20,1,0,0,4.6,1,143,0,1,0,0,0,0,0
5,1,20,2,0,0,21.94117647,2,145,0,0,1,0,0,0,0
5,1,20,3,0,0,21.94117647,2,147,0,0,1,0,0,0,0
5,1,20,4,0,0,21.94117647,6,153,0,0,0,0,0,1,0
5,1,20,5,0,0,21.94117647,2,155,0,0,1,0,0,0,0
5,1,20,6,0,0,21.94117647,2,157,0,0,1,0,0,0,0
6,1,1,1,1,0,25,0,0,1,0,0,0,0,0,0
6,1,1,2,1,0,25,4,4,0,0,0,0,1,0,0
6,1,1,3,1,0,25,0,4,1,0,0,0,0,0,0
6,1,1,4,1,0,25,0,4,1,0,0,0,0,0,0
6,1,1,5,1,0,25,1,5,0,1,0,0,0,0,0
6,1,1,6,1,0,23.61904762,0,5,1,0,0,0,0,0,0
6,1,2,1,1,0,25,1,6,0,1,0,0,0,0,0
6,1,2,2,1,0,23.61904762,1,7,0,1,0,0,0,0,0
6,1,2,3,1,0,25,0,7,1,0,0,0,0,0,0
6,1,2,4,1,0,25,0,7,1,0,0,0,0,0,0
6,1,2,5,1,0,25,3,10,0,0,0,1,0,0,0
6,1,2,6,1,0,23.61904762,1,11,0,1,0,0,0,0,0
6,1,3,1,1,0,23.61904762,2,13,0,0,1,0,0,0,0
6,1,3,2,1,0,23.61904762,0,13,1,0,0,0,0,0,0
6,1,3,3,1,0,23.61904762,4,17,0,0,0,0,1,0,0
6,1,3,4,1,0,23.61904762,1,18,0,1,0,0,0,0,0
6,1,3,5,1,0,25,0,18,1,0,0,0,0,0,0
6,1,3,6,1,0,23.61904762,1,19,0,1,0,0,0,0,0
6,1,3,1,1,0,23.61904762,0,19,0,0,0,0,0,0,1
6,1,4,2,1,0,96,0,19,1,0,0,0,0,0,0
6,1,4,3,1,0,96,4,23,0,0,0,0,1,0,0
6,1,4,4,1,0,96,1,24,0,1,0,0,0,0,0
6,1,4,5,1,0,25,2,26,0,0,1,0,0,0,0
6,1,4,6,1,0,25,4,30,0,0,0,0,1,0,0
6,1,5,1,1,0,96,1,31,0,1,0,0,0,0,0
6,1,5,2,1,0,25,0,31,0,0,0,0,0,0,1
6,1,5,3,1,0,5,0,31,1,0,0,0,0,0,0
6,1,5,4,1,0,5,2,33,0,0,1,0,0,0,0
6,1,5,5,1,0,5,2,35,0,0,1,0,0,0,0
6,1,5,6,1,0,5,0,35,1,0,0,0,0,0,0
6,1,6,1,1,0,96,1,36,0,1,0,0,0,0,0
6,1,6,2,1,0,5,3,39,0,0,0,1,0,0,0
6,1,6,3,1,0,96,0,39,1,0,0,0,0,0,0
6,1,6,4,1,0,96,1,40,0,1,0,0,0,0,0
6,1,6,5,1,0,5,1,41,0,1,0,0,0,0,0
6,1,6,6,1,0,96,4,45,0,0,0,0,1,0,0
6,1,7,1,0,1,5,0,45,1,0,0,0,0,0,0
6,1,7,2,0,1,5,1,46,0,1,0,0,0,0,0
6,1,7,3,0,1,96,0,46,0,0,0,0,0,0,1
6,1,7,4,0,1,7.090909091,0,46,1,0,0,0,0,0,0
6,1,7,5,0,1,7.090909091,0,46,1,0,0,0,0,0,0
6,1,7,6,0,1,5,0,46,1,0,0,0,0,0,0
6,1,8,1,0,1,7.090909091,0,46,1,0,0,0,0,0,0
6,1,8,2,0,1,7.090909091,1,47,0,1,0,0,0,0,0
6,1,8,3,0,1,5,1,48,0,1,0,0,0,0,0
6,1,8,4,0,1,7.090909091,0,48,1,0,0,0,0,0,0
6,1,8,5,0,1,7.090909091,4,52,0,0,0,0,1,0,0
6,1,8,6,0,1,7.090909091,4,56,0,0,0,0,1,0,0
6,1,9,1,0,1,5,1,57,0,1,0,0,0,0,0
6,1,9,2,0,1,7.090909091,1,58,0,1,0,0,0,0,0
6,1,9,3,0,1,5,0,58,1,0,0,0,0,0,0
6,1,9,4,0,1,5,0,58,1,0,0,0,0,0,0
6,1,9,5,0,1,5,1,59,0,1,0,0,0,0,0
6,1,9,6,0,1,7.090909091,1,60,0,1,0,0,0,0,0
6,1,10,1,0,0,7.090909091,1,61,0,1,0,0,0,0,0
6,1,10,2,0,0,5,1,62,0,1,0,0,0,0,0
6,1,10,3,0,0,7.090909091,4,66,0,0,0,0,1,0,0
6,1,10,4,0,0,7.090909091,2,68,0,0,1,0,0,0,0
6,1,10,5,0,0,7.090909091,0,68,1,0,0,0,0,0,0
6,1,10,6,0,0,7.090909091,2,70,0,0,1,0,0,0,0
6,1,11,1,0,1,5,0,70,1,0,0,0,0,0,0
6,1,11,2,0,1,5,1,71,0,1,0,0,0,0,0
6,1,11,3,0,1,7.090909091,0,71,1,0,0,0,0,0,0
6,1,11,4,0,1,7.090909091,2,73,0,0,1,0,0,0,0
6,1,11,5,0,1,7.090909091,0,73,1,0,0,0,0,0,0
6,1,11,6,0,1,7.090909091,0,73,0,0,0,0,0,0,1
6,1,12,1,0,0,5,1,74,0,1,0,0,0,0,0
6,1,12,2,0,0,NA,1,75,0,1,0,0,0,0,0
6,1,12,3,0,0,5,4,79,0,0,0,0,1,0,0
6,1,12,4,0,0,5,4,83,0,0,0,0,1,0,0
6,1,12,5,0,0,5,4,87,0,0,0,0,1,0,0
6,1,12,6,0,0,5,1,88,0,1,0,0,0,0,0
6,1,12,6,0,0,5,0,88,0,0,0,0,0,0,1
6,1,13,2,0,1,0.666666667,0,88,1,0,0,0,0,0,0
6,1,13,3,0,1,0.666666667,0,88,1,0,0,0,0,0,0
6,1,13,4,0,1,0.666666667,4,92,0,0,0,0,1,0,0
6,1,13,5,0,1,0.666666667,1,93,0,1,0,0,0,0,0
6,1,13,6,0,1,NA,1,94,0,1,0,0,0,0,0
6,1,14,1,0,0,NA,4,98,0,0,0,0,1,0,0
6,1,14,2,0,0,NA,0,98,1,0,0,0,0,0,0
6,1,14,3,0,0,NA,1,99,0,1,0,0,0,0,0
6,1,14,4,0,0,0.666666667,2,101,0,0,1,0,0,0,0
6,1,14,5,0,0,0.666666667,1,102,0,1,0,0,0,0,0
6,1,14,6,0,0,NA,2,104,0,0,1,0,0,0,0
6,1,15,1,0,0,0.666666667,1,105,0,1,0,0,0,0,0
6,1,15,2,0,0,NA,1,106,0,1,0,0,0,0,0
6,1,15,3,0,0,0.666666667,0,106,1,0,0,0,0,0,0
6,1,15,4,0,0,0.666666667,0,106,0,0,0,0,0,0,1
6,1,15,5,0,0,17.8125,0,106,1,0,0,0,0,0,0
6,1,15,6,0,0,17.8125,2,108,0,0,1,0,0,0,0
6,1,16,1,0,0,NA,1,109,0,1,0,0,0,0,0
6,1,16,2,0,0,17.8125,2,111,0,0,1,0,0,0,0
6,1,16,3,0,0,17.8125,1,112,0,1,0,0,0,0,0
6,1,16,4,0,0,NA,0,112,1,0,0,0,0,0,0
6,1,16,5,0,0,NA,1,113,0,1,0,0,0,0,0
6,1,16,6,0,0,17.8125,2,115,0,0,1,0,0,0,0
6,1,17,1,0,0,NA,1,116,0,1,0,0,0,0,0
6,1,17,2,0,0,17.8125,0,116,1,0,0,0,0,0,0
6,1,17,3,0,0,NA,1,117,0,1,0,0,0,0,0
6,1,17,4,0,0,17.8125,4,121,0,0,0,0,1,0,0
6,1,17,5,0,0,17.8125,2,123,0,0,1,0,0,0,0
6,1,17,6,0,0,17.8125,1,124,0,1,0,0,0,0,0
6,1,18,1,0,0,17.8125,4,128,0,0,0,0,1,0,0
6,1,18,2,0,0,17.8125,1,129,0,1,0,0,0,0,0
6,1,18,3,0,0,NA,3,132,0,0,0,1,0,0,0
6,1,18,4,0,0,17.8125,2,134,0,0,1,0,0,0,0
6,1,18,5,0,0,17.8125,1,135,0,1,0,0,0,0,0
6,1,18,6,0,0,NA,1,136,0,1,0,0,0,0,0
6,1,18,1,0,0,NA,0,136,0,0,0,0,0,0,1
6,1,19,2,0,0,16.7,1,137,0,1,0,0,0,0,0
6,1,19,3,0,0,17.8125,1,138,0,1,0,0,0,0,0
6,1,19,4,0,0,16.7,1,139,0,1,0,0,0,0,0
6,1,19,5,0,0,17.8125,6,145,0,0,0,0,0,1,0
6,1,19,6,0,0,17.8125,6,151,0,0,0,0,0,1,0
6,1,20,1,0,0,16.7,3,154,0,0,0,1,0,0,0
6,1,20,2,0,0,17.8125,4,158,0,0,0,0,1,0,0
6,1,20,3,0,0,17.8125,1,159,0,1,0,0,0,0,0
6,1,20,4,0,0,16.7,1,160,0,1,0,0,0,0,0
6,1,20,5,0,0,17.8125,2,162,0,0,1,0,0,0,0
6,1,20,6,0,0,17.8125,1,163,0,1,0,0,0,0,0
7,1,1,1,1,1,22.81818182,0,0,1,0,0,0,0,0,0
7,1,1,2,1,1,22.81818182,1,1,0,1,0,0,0,0,0
7,1,1,3,1,1,11.66666667,1,2,0,1,0,0,0,0,0
7,1,1,4,1,1,22.81818182,0,2,1,0,0,0,0,0,0
7,1,1,5,1,1,22.81818182,4,6,0,0,0,0,1,0,0
7,1,1,6,1,1,22.81818182,1,7,0,1,0,0,0,0,0
7,1,2,1,1,0,22.81818182,0,7,1,0,0,0,0,0,0
7,1,2,2,1,0,22.81818182,2,9,0,0,1,0,0,0,0
7,1,2,3,1,0,22.81818182,0,9,1,0,0,0,0,0,0
7,1,2,4,1,0,22.81818182,4,13,0,0,0,0,1,0,0
7,1,2,5,1,0,22.81818182,1,14,0,1,0,0,0,0,0
7,1,2,6,1,0,11.66666667,1,15,0,1,0,0,0,0,0
7,1,3,1,1,0,11.66666667,1,16,0,1,0,0,0,0,0
7,1,3,2,1,0,22.81818182,4,20,0,0,0,0,1,0,0
7,1,3,3,1,0,22.81818182,2,22,0,0,1,0,0,0,0
7,1,3,4,1,0,22.81818182,0,22,1,0,0,0,0,0,0
7,1,3,5,1,0,22.81818182,4,26,0,0,0,0,1,0,0
7,1,3,6,1,0,22.81818182,3,29,0,0,0,1,0,0,0
7,1,4,1,1,0,22.81818182,0,29,1,0,0,0,0,0,0
7,1,4,2,1,0,22.81818182,1,30,0,1,0,0,0,0,0
7,1,4,3,1,0,11.66666667,0,30,1,0,0,0,0,0,0
7,1,4,4,1,0,11.66666667,2,32,0,0,1,0,0,0,0
7,1,4,5,1,0,11.66666667,0,32,1,0,0,0,0,0,0
7,1,4,6,1,0,11.66666667,0,32,1,0,0,0,0,0,0
7,1,5,1,1,0,22.81818182,0,32,1,0,0,0,0,0,0
7,1,5,2,1,0,22.81818182,1,33,0,1,0,0,0,0,0
7,1,5,3,1,0,11.66666667,0,33,1,0,0,0,0,0,0
7,1,5,4,1,0,11.66666667,4,37,0,0,0,0,1,0,0
7,1,5,5,1,0,11.66666667,0,37,1,0,0,0,0,0,0
7,1,5,6,1,0,11.66666667,0,37,1,0,0,0,0,0,0
7,1,6,1,1,0,22.81818182,0,37,1,0,0,0,0,0,0
7,1,6,2,1,0,22.81818182,3,40,0,0,0,1,0,0,0
7,1,6,3,1,0,11.66666667,4,44,0,0,0,0,1,0,0
7,1,6,4,1,0,11.66666667,4,48,0,0,0,0,1,0,0
7,1,6,5,1,0,11.66666667,0,48,0,0,0,0,0,0,1
7,1,6,6,1,0,22.81818182,0,48,1,0,0,0,0,0,0
7,1,7,1,0,1,22.81818182,0,48,1,0,0,0,0,0,0
7,1,7,2,0,1,22.81818182,1,49,0,1,0,0,0,0,0
7,1,7,3,0,1,30.35714286,0,49,1,0,0,0,0,0,0
7,1,7,4,0,1,30.35714286,2,51,0,0,1,0,0,0,0
7,1,7,5,0,1,30.35714286,1,52,0,1,0,0,0,0,0
7,1,7,6,0,1,22.81818182,1,53,0,1,0,0,0,0,0
7,1,8,1,0,0,22.81818182,1,54,0,1,0,0,0,0,0
7,1,8,2,0,0,30.35714286,1,55,0,1,0,0,0,0,0
7,1,8,3,0,0,22.81818182,3,58,0,0,0,1,0,0,0
7,1,8,4,0,0,30.35714286,2,60,0,0,1,0,0,0,0
7,1,8,5,0,0,30.35714286,2,62,0,0,1,0,0,0,0
7,1,8,6,0,0,30.35714286,3,65,0,0,0,1,0,0,0
7,1,9,1,0,1,30.35714286,2,67,0,0,1,0,0,0,0
7,1,9,2,0,1,30.35714286,1,68,0,1,0,0,0,0,0
7,1,9,3,0,1,22.81818182,0,68,1,0,0,0,0,0,0
7,1,9,4,0,1,22.81818182,2,70,0,0,1,0,0,0,0
7,1,9,5,0,1,22.81818182,1,71,0,1,0,0,0,0,0
7,1,9,6,0,1,30.35714286,2,73,0,0,1,0,0,0,0
7,1,10,1,0,1,22.81818182,2,75,0,0,1,0,0,0,0
7,1,10,2,0,1,22.81818182,0,75,1,0,0,0,0,0,0
7,1,10,3,0,1,22.81818182,1,76,0,1,0,0,0,0,0
7,1,10,4,0,1,30.35714286,2,78,0,0,1,0,0,0,0
7,1,10,5,0,1,30.35714286,4,82,0,0,0,0,1,0,0
7,1,10,6,0,1,30.35714286,6,88,0,0,0,0,0,1,0
7,1,11,1,0,0,22.81818182,1,89,0,1,0,0,0,0,0
7,1,11,2,0,0,30.35714286,2,91,0,0,1,0,0,0,0
7,1,11,3,0,0,30.35714286,2,93,0,0,1,0,0,0,0
7,1,11,4,0,0,30.35714286,1,94,0,1,0,0,0,0,0
7,1,11,5,0,0,22.81818182,1,95,0,1,0,0,0,0,0
7,1,11,6,0,0,30.35714286,1,96,0,1,0,0,0,0,0
7,1,12,1,0,0,30.35714286,0,96,1,0,0,0,0,0,0
7,1,12,2,0,0,22.81818182,4,100,0,0,0,0,1,0,0
7,1,12,3,0,0,22.81818182,0,100,1,0,0,0,0,0,0
7,1,12,4,0,0,30.35714286,0,100,1,0,0,0,0,0,0
7,1,12,5,0,0,30.35714286,1,101,0,1,0,0,0,0,0
7,1,12,6,0,0,22.81818182,0,101,1,0,0,0,0,0,0
7,1,13,1,0,1,30.35714286,4,105,0,0,0,0,1,0,0
7,1,13,2,0,1,30.35714286,1,106,0,1,0,0,0,0,0
7,1,13,3,0,1,22.81818182,1,107,0,1,0,0,0,0,0
7,1,13,4,0,1,30.35714286,1,108,0,1,0,0,0,0,0
7,1,13,5,0,1,22.81818182,4,112,0,0,0,0,1,0,0
7,1,13,6,0,1,22.81818182,1,113,0,1,0,0,0,0,0
7,1,14,1,0,0,22.81818182,4,117,0,0,0,0,1,0,0
7,1,14,2,0,0,22.81818182,1,118,0,1,0,0,0,0,0
7,1,14,3,0,0,30.35714286,2,120,0,0,1,0,0,0,0
7,1,14,4,0,0,30.35714286,1,121,0,1,0,0,0,0,0
7,1,14,5,0,0,22.81818182,1,122,0,1,0,0,0,0,0
7,1,14,6,0,0,30.35714286,1,123,0,1,0,0,0,0,0
7,1,15,1,0,0,30.35714286,0,123,1,0,0,0,0,0,0
7,1,15,2,0,0,30.35714286,0,123,1,0,0,0,0,0,0
7,1,15,3,0,0,30.35714286,1,124,0,1,0,0,0,0,0
7,1,15,4,0,0,22.81818182,6,130,0,0,0,0,0,1,0
7,1,15,5,0,0,22.81818182,1,131,0,1,0,0,0,0,0
7,1,15,6,0,0,30.35714286,1,132,0,1,0,0,0,0,0
7,1,16,1,0,0,30.35714286,0,132,1,0,0,0,0,0,0
7,1,16,2,0,0,30.35714286,2,134,0,0,1,0,0,0,0
7,1,16,3,0,0,30.35714286,1,135,0,1,0,0,0,0,0
7,1,16,4,0,0,22.81818182,1,136,0,1,0,0,0,0,0
7,1,16,5,0,0,30.35714286,1,137,0,1,0,0,0,0,0
7,1,16,6,0,0,22.81818182,1,138,0,1,0,0,0,0,0
7,1,17,1,0,0,22.81818182,1,139,0,1,0,0,0,0,0
7,1,17,2,0,0,30.35714286,0,139,1,0,0,0,0,0,0
7,1,17,3,0,0,30.35714286,6,145,0,0,0,0,0,1,0
7,1,17,4,0,0,30.35714286,1,146,0,1,0,0,0,0,0
7,1,17,5,0,0,22.81818182,0,146,1,0,0,0,0,0,0
7,1,17,6,0,0,30.35714286,1,147,0,1,0,0,0,0,0
7,1,18,1,0,0,30.35714286,3,150,0,0,0,1,0,0,0
7,1,18,2,0,0,22.81818182,1,151,0,1,0,0,0,0,0
7,1,18,3,0,0,30.35714286,4,155,0,0,0,0,1,0,0
7,1,18,4,0,0,30.35714286,4,159,0,0,0,0,1,0,0
7,1,18,5,0,0,30.35714286,1,160,0,1,0,0,0,0,0
7,1,18,6,0,0,22.81818182,4,164,0,0,0,0,1,0,0
7,1,19,1,0,0,30.35714286,2,166,0,0,1,0,0,0,0
7,1,19,2,0,0,30.35714286,0,166,1,0,0,0,0,0,0
7,1,19,3,0,0,30.35714286,6,172,0,0,0,0,0,1,0
7,1,19,4,0,0,30.35714286,4,176,0,0,0,0,1,0,0
7,1,19,5,0,0,30.35714286,0,176,1,0,0,0,0,0,0
7,1,19,6,0,0,30.35714286,0,176,1,0,0,0,0,0,0
7,1,20,1,0,0,22.81818182,2,178,0,0,1,0,0,0,0
7,1,20,2,0,0,22.81818182,1,179,0,1,0,0,0,0,0
7,1,20,3,0,0,30.35714286,0,179,0,0,0,0,0,0,1
7,1,20,4,0,0,9.857142857,1,180,0,1,0,0,0,0,0
7,1,20,5,0,0,22.81818182,2,182,0,0,1,0,0,0,0
7,1,20,6,0,0,22.81818182,1,183,0,1,0,0,0,0,0
8,1,1,1,1,0,NA,0,0,1,0,0,0,0,0,0
8,1,1,2,1,0,NA,4,4,0,0,0,0,1,0,0
8,1,1,3,1,0,NA,0,4,1,0,0,0,0,0,0
8,1,1,4,1,0,NA,1,5,0,1,0,0,0,0,0
8,1,1,5,1,0,29.25,0,5,1,0,0,0,0,0,0
8,1,1,6,1,0,29.25,0,5,1,0,0,0,0,0,0
8,1,2,1,1,0,NA,1,6,0,1,0,0,0,0,0
8,1,2,2,1,0,29.25,4,10,0,0,0,0,1,0,0
8,1,2,3,1,0,29.25,0,10,0,0,0,0,0,0,1
8,1,2,4,1,0,15.5,0,10,1,0,0,0,0,0,0
8,1,2,5,1,0,15.5,1,11,0,1,0,0,0,0,0
8,1,2,6,1,0,NA,1,12,0,1,0,0,0,0,0
8,1,3,1,1,0,NA,0,12,1,0,0,0,0,0,0
8,1,3,2,1,0,NA,0,12,1,0,0,0,0,0,0
8,1,3,3,1,0,15.5,0,12,1,0,0,0,0,0,0
8,1,3,4,1,0,15.5,2,14,0,0,1,0,0,0,0
8,1,3,5,1,0,15.5,3,17,0,0,0,1,0,0,0
8,1,3,6,1,0,NA,0,17,1,0,0,0,0,0,0
8,1,4,1,1,0,15.5,1,18,0,1,0,0,0,0,0
8,1,4,2,1,0,NA,4,22,0,0,0,0,1,0,0
8,1,4,3,1,0,NA,4,26,0,0,0,0,1,0,0
8,1,4,4,1,0,NA,0,26,1,0,0,0,0,0,0
8,1,4,5,1,0,15.5,0,26,1,0,0,0,0,0,0
8,1,4,6,1,0,15.5,4,30,0,0,0,0,1,0,0
8,1,5,1,1,0,NA,0,30,1,0,0,0,0,0,0
8,1,5,2,1,0,NA,0,30,0,0,0,0,0,0,1
8,1,5,3,1,0,9,1,31,0,1,0,0,0,0,0
8,1,5,4,1,0,15.5,0,31,1,0,0,0,0,0,0
8,1,5,5,1,0,15.5,2,33,0,0,1,0,0,0,0
8,1,5,6,1,0,15.5,0,33,1,0,0,0,0,0,0
8,1,6,1,1,0,9,0,33,1,0,0,0,0,0,0
8,1,6,2,1,0,9,2,35,0,0,1,0,0,0,0
8,1,6,3,1,0,9,1,36,0,1,0,0,0,0,0
8,1,6,4,1,0,15.5,0,36,1,0,0,0,0,0,0
8,1,6,5,1,0,15.5,0,36,1,0,0,0,0,0,0
8,1,6,6,1,0,15.5,1,37,0,1,0,0,0,0,0
8,1,7,1,0,0,15.5,1,38,0,1,0,0,0,0,0
8,1,7,2,0,0,9,1,39,0,1,0,0,0,0,0
8,1,7,3,0,0,15.5,1,40,0,1,0,0,0,0,0
8,1,7,4,0,0,9,4,44,0,0,0,0,1,0,0
8,1,7,5,0,0,9,1,45,0,1,0,0,0,0,0
8,1,7,6,0,0,15.5,0,45,1,0,0,0,0,0,0
8,1,8,1,0,1,9,0,45,1,0,0,0,0,0,0
8,1,8,2,0,1,9,0,45,1,0,0,0,0,0,0
8,1,8,3,0,1,9,1,46,0,1,0,0,0,0,0
8,1,8,4,0,1,15.5,2,48,0,0,1,0,0,0,0
8,1,8,5,0,1,15.5,0,48,1,0,0,0,0,0,0
8,1,8,6,0,1,9,1,49,0,1,0,0,0,0,0
8,1,9,1,0,1,9,1,50,0,1,0,0,0,0,0
8,1,9,2,0,1,15.5,6,56,0,0,0,0,0,1,0
8,1,9,3,0,1,15.5,1,57,0,1,0,0,0,0,0
8,1,9,4,0,1,9,0,57,1,0,0,0,0,0,0
8,1,9,5,0,1,15.5,0,57,1,0,0,0,0,0,0
8,1,9,6,0,1,9,6,63,0,0,0,0,0,1,0
8,1,9,1,0,1,15.5,0,63,0,0,0,0,0,0,1
8,1,10,2,0,1,22.70588235,0,63,1,0,0,0,0,0,0
8,1,10,3,0,1,22.70588235,2,65,0,0,1,0,0,0,0
8,1,10,4,0,1,22.70588235,0,65,1,0,0,0,0,0,0
8,1,10,5,0,1,22.70588235,0,65,1,0,0,0,0,0,0
8,1,10,6,0,1,22.70588235,1,66,0,1,0,0,0,0,0
8,1,11,1,0,0,22.70588235,0,66,1,0,0,0,0,0,0
8,1,11,2,0,0,22.70588235,2,68,0,0,1,0,0,0,0
8,1,11,3,0,0,22.70588235,1,69,0,1,0,0,0,0,0
8,1,11,4,0,0,9,1,70,0,1,0,0,0,0,0
8,1,11,5,0,0,22.70588235,1,71,0,1,0,0,0,0,0
8,1,11,6,0,0,9,1,72,0,1,0,0,0,0,0
8,1,12,1,0,1,9,0,72,1,0,0,0,0,0,0
8,1,12,2,0,1,9,1,73,0,1,0,0,0,0,0
8,1,12,3,0,1,22.70588235,0,73,1,0,0,0,0,0,0
8,1,12,4,0,1,9,2,75,0,0,1,0,0,0,0
8,1,12,5,0,1,9,1,76,0,1,0,0,0,0,0
8,1,12,6,0,1,22.70588235,1,77,0,1,0,0,0,0,0
8,1,13,1,0,0,22.70588235,2,79,0,0,1,0,0,0,0
8,1,13,2,0,0,22.70588235,6,85,0,0,0,0,0,1,0
8,1,13,3,0,0,22.70588235,0,85,1,0,0,0,0,0,0
8,1,13,4,0,0,9,1,86,0,1,0,0,0,0,0
8,1,13,5,0,0,22.70588235,1,87,0,1,0,0,0,0,0
8,1,13,6,0,0,9,0,87,1,0,0,0,0,0,0
8,1,14,1,0,1,22.70588235,0,87,1,0,0,0,0,0,0
8,1,14,2,0,1,22.70588235,6,93,0,0,0,0,0,1,0
8,1,14,3,0,1,22.70588235,2,95,0,0,1,0,0,0,0
8,1,14,4,0,1,22.70588235,1,96,0,1,0,0,0,0,0
8,1,14,5,0,1,9,6,102,0,0,0,0,0,1,0
8,1,14,6,0,1,9,2,104,0,0,1,0,0,0,0
8,1,15,1,0,0,22.70588235,0,104,1,0,0,0,0,0,0
8,1,15,2,0,0,22.70588235,0,104,1,0,0,0,0,0,0
8,1,15,3,0,0,22.70588235,4,108,0,0,0,0,1,0,0
8,1,15,4,0,0,22.70588235,4,112,0,0,0,0,1,0,0
8,1,15,5,0,0,22.70588235,1,113,0,1,0,0,0,0,0
8,1,15,6,0,0,9,0,113,1,0,0,0,0,0,0
8,1,16,1,0,1,22.70588235,2,115,0,0,1,0,0,0,0
8,1,16,2,0,1,22.70588235,1,116,0,1,0,0,0,0,0
8,1,16,3,0,1,9,1,117,0,1,0,0,0,0,0
8,1,16,4,0,1,22.70588235,0,117,1,0,0,0,0,0,0
8,1,16,5,0,1,22.70588235,0,117,0,0,0,0,0,0,1
8,1,16,6,0,1,14,1,118,0,1,0,0,0,0,0
8,1,17,1,0,0,14,1,119,0,1,0,0,0,0,0
8,1,17,2,0,0,9,1,120,0,1,0,0,0,0,0
8,1,17,3,0,0,14,2,122,0,0,1,0,0,0,0
8,1,17,4,0,0,14,0,122,1,0,0,0,0,0,0
8,1,17,5,0,0,14,0,122,0,0,0,0,0,0,1
8,1,17,6,0,0,NA,0,122,0,0,0,0,0,0,1
8,1,18,1,0,0,9,0,122,1,0,0,0,0,0,0
8,1,18,2,0,0,9,4,126,0,0,0,0,1,0,0
8,1,18,3,0,0,9,1,127,0,1,0,0,0,0,0
8,1,18,4,0,0,8.882352941,1,128,0,1,0,0,0,0,0
8,1,18,5,0,0,9,1,129,0,1,0,0,0,0,0
8,1,18,6,0,0,8.882352941,1,130,0,1,0,0,0,0,0
8,1,19,1,0,0,8.882352941,1,131,0,1,0,0,0,0,0
8,1,19,2,0,0,9,2,133,0,0,1,0,0,0,0
8,1,19,3,0,0,9,1,134,0,1,0,0,0,0,0
8,1,19,4,0,0,8.882352941,2,136,0,0,1,0,0,0,0
8,1,19,5,0,0,8.882352941,0,136,0,0,0,0,0,0,1
8,1,19,6,0,0,9,1,137,0,1,0,0,0,0,0
8,1,20,1,0,0,9,2,139,0,0,1,0,0,0,0
8,1,20,2,0,0,9,1,140,0,1,0,0,0,0,0
8,1,20,3,0,0,9.25,1,141,0,1,0,0,0,0,0
8,1,20,4,0,0,9,4,145,0,0,0,0,1,0,0
8,1,20,5,0,0,9,0,145,1,0,0,0,0,0,0
8,1,20,6,0,0,9,0,145,1,0,0,0,0,0,0
9,1,1,1,1,1,NA,4,4,0,0,0,0,1,0,0
9,1,1,2,1,1,NA,1,5,0,1,0,0,0,0,0
9,1,1,3,1,1,24.2,1,6,0,1,0,0,0,0,0
9,1,1,4,1,1,NA,0,6,1,0,0,0,0,0,0
9,1,1,5,1,1,NA,1,7,0,1,0,0,0,0,0
9,1,1,6,1,1,24.2,0,7,1,0,0,0,0,0,0
9,1,1,1,1,0,NA,0,7,0,0,0,0,0,0,1
9,1,2,2,1,0,24.2,1,8,0,1,0,0,0,0,0
9,1,2,3,1,0,23.55555556,0,8,1,0,0,0,0,0,0
9,1,2,4,1,0,23.55555556,0,8,0,0,0,0,0,0,1
9,1,2,5,1,0,24.2,1,9,0,1,0,0,0,0,0
9,1,2,6,1,0,16.55555556,2,11,0,0,1,0,0,0,0
9,1,3,1,1,0,24.2,0,11,1,0,0,0,0,0,0
9,1,3,2,1,0,24.2,0,11,1,0,0,0,0,0,0
9,1,3,3,1,0,24.2,4,15,0,0,0,0,1,0,0
9,1,3,4,1,0,24.2,0,15,1,0,0,0,0,0,0
9,1,3,5,1,0,24.2,0,15,1,0,0,0,0,0,0
9,1,3,6,1,0,24.2,0,15,1,0,0,0,0,0,0
9,1,4,1,1,0,16.55555556,1,16,0,1,0,0,0,0,0
9,1,4,2,1,0,24.2,2,18,0,0,1,0,0,0,0
9,1,4,3,1,0,24.2,4,22,0,0,0,0,1,0,0
9,1,4,4,1,0,24.2,0,22,1,0,0,0,0,0,0
9,1,4,5,1,0,24.2,0,22,1,0,0,0,0,0,0
9,1,4,6,1,0,24.2,4,26,0,0,0,0,1,0,0
9,1,5,1,1,0,16.55555556,4,30,0,0,0,0,1,0,0
9,1,5,2,1,0,16.55555556,1,31,0,1,0,0,0,0,0
9,1,5,3,1,0,24.2,4,35,0,0,0,0,1,0,0
9,1,5,4,1,0,24.2,1,36,0,1,0,0,0,0,0
9,1,5,5,1,0,16.55555556,1,37,0,1,0,0,0,0,0
9,1,5,6,1,0,24.2,1,38,0,1,0,0,0,0,0
9,1,6,1,1,0,24.2,4,42,0,0,0,0,1,0,0
9,1,6,2,1,0,24.2,4,46,0,0,0,0,1,0,0
9,1,6,3,1,0,24.2,2,48,0,0,1,0,0,0,0
9,1,6,4,1,0,24.2,4,52,0,0,0,0,1,0,0
9,1,6,5,1,0,24.2,1,53,0,1,0,0,0,0,0
9,1,6,6,1,0,16.55555556,0,53,0,0,0,0,0,0,1
9,1,7,1,0,1,24.2,1,54,0,1,0,0,0,0,0
9,1,7,2,0,1,26.66666667,1,55,0,1,0,0,0,0,0
9,1,7,3,0,1,24.2,2,57,0,0,1,0,0,0,0
9,1,7,4,0,1,24.2,0,57,1,0,0,0,0,0,0
9,1,7,5,0,1,24.2,0,57,1,0,0,0,0,0,0
9,1,7,6,0,1,24.2,0,57,0,0,0,0,0,0,1
9,1,8,1,0,1,26.66666667,0,57,1,0,0,0,0,0,0
9,1,8,2,0,1,26.66666667,0,57,1,0,0,0,0,0,0
9,1,8,3,0,1,26.66666667,4,61,0,0,0,0,1,0,0
9,1,8,4,0,1,26.66666667,1,62,0,1,0,0,0,0,0
9,1,8,5,0,1,10.66666667,1,63,0,1,0,0,0,0,0
9,1,8,6,0,1,26.66666667,0,63,0,0,0,0,0,0,1
9,1,9,1,0,1,10.66666667,0,63,1,0,0,0,0,0,0
9,1,9,2,0,1,NA,0,63,0,0,0,0,0,0,1
9,1,9,3,0,1,8.666666667,0,63,1,0,0,0,0,0,0
9,1,9,4,0,1,8.666666667,2,65,0,0,1,0,0,0,0
9,1,9,5,0,1,8.666666667,4,69,0,0,0,0,1,0,0
9,1,9,6,0,1,8.666666667,1,70,0,1,0,0,0,0,0
9,1,10,1,0,1,8.666666667,1,71,0,1,0,0,0,0,0
9,1,10,2,0,1,10.66666667,1,72,0,1,0,0,0,0,0
9,1,10,4,0,1,10.66666667,0,72,1,0,0,0,0,0,0
9,1,10,5,0,1,10.66666667,2,74,0,0,1,0,0,0,0
9,1,10,6,0,1,10.66666667,1,75,0,1,0,0,0,0,0
9,1,11,3,0,1,10.66666667,1,76,0,1,0,0,0,0,0
9,1,11,4,0,1,8.666666667,0,76,1,0,0,0,0,0,0
9,1,11,5,0,1,8.666666667,4,80,0,0,0,0,1,0,0
9,1,11,6,0,1,8.666666667,1,81,0,1,0,0,0,0,0
9,1,12,1,0,0,8.666666667,1,82,0,1,0,0,0,0,0
9,1,12,2,0,0,10.66666667,0,82,1,0,0,0,0,0,0
9,1,12,3,0,0,10.66666667,1,83,0,1,0,0,0,0,0
9,1,12,4,0,0,8.666666667,1,84,0,1,0,0,0,0,0
9,1,12,5,0,0,10.66666667,4,88,0,0,0,0,1,0,0
9,1,13,1,0,0,10.66666667,1,89,0,1,0,0,0,0,0
9,1,13,2,0,0,8.666666667,0,89,1,0,0,0,0,0,0
9,1,13,4,0,0,10.66666667,1,90,0,1,0,0,0,0,0
9,1,13,5,0,0,8.666666667,1,91,0,1,0,0,0,0,0
9,1,13,6,0,0,8.666666667,0,91,1,0,0,0,0,0,0
9,1,13,1,0,0,8.666666667,0,91,0,0,0,0,0,0,1
9,1,14,2,0,0,NA,0,91,1,0,0,0,0,0,0
9,1,14,3,0,0,NA,0,91,1,0,0,0,0,0,0
9,1,14,4,0,0,NA,0,91,1,0,0,0,0,0,0
9,1,14,5,0,0,NA,4,95,0,0,0,0,1,0,0
9,1,14,6,0,0,NA,0,95,1,0,0,0,0,0,0
9,1,15,1,0,1,10.66666667,1,96,0,1,0,0,0,0,0
9,1,15,2,0,1,NA,1,97,0,1,0,0,0,0,0
9,1,15,5,0,1,10.66666667,1,98,0,1,0,0,0,0,0
9,1,16,1,0,0,10.66666667,1,99,0,1,0,0,0,0,0
9,1,16,2,0,0,NA,0,99,1,0,0,0,0,0,0
9,1,16,3,0,0,NA,1,100,0,1,0,0,0,0,0
9,1,16,4,0,0,10.66666667,0,100,0,0,0,0,0,0,1
9,1,16,5,0,0,2,0,100,1,0,0,0,0,0,0
9,1,16,6,0,0,2,0,100,1,0,0,0,0,0,0
9,1,17,1,0,1,NA,1,101,0,1,0,0,0,0,0
9,1,17,2,0,1,2,0,101,1,0,0,0,0,0,0
9,1,17,3,0,1,2,1,102,0,1,0,0,0,0,0
9,1,17,4,0,1,NA,4,106,0,0,0,0,1,0,0
9,1,17,5,0,1,NA,1,107,0,1,0,0,0,0,0
9,1,18,2,0,0,NA,0,107,1,0,0,0,0,0,0
9,1,18,4,0,0,6.5,0,107,1,0,0,0,0,0,0
9,1,18,5,0,0,6.5,0,107,1,0,0,0,0,0,0
9,1,18,6,0,0,6.5,1,108,0,1,0,0,0,0,0
10,1,1,1,1,0,24.75,0,0,1,0,0,0,0,0,0
10,1,1,2,1,0,24.75,4,4,0,0,0,0,1,0,0
10,1,1,3,1,0,24.75,2,6,0,0,1,0,0,0,0
10,1,1,4,1,0,24.75,1,7,0,1,0,0,0,0,0
10,1,1,5,1,0,30.57142857,0,7,1,0,0,0,0,0,0
10,1,1,6,1,0,30.57142857,0,7,1,0,0,0,0,0,0
10,1,2,1,1,1,24.75,0,7,1,0,0,0,0,0,0
10,1,2,2,1,1,24.75,1,8,0,1,0,0,0,0,0
10,1,2,3,1,1,30.57142857,0,8,1,0,0,0,0,0,0
10,1,2,4,1,1,30.57142857,1,9,0,1,0,0,0,0,0
10,1,2,5,1,1,24.75,1,10,0,1,0,0,0,0,0
10,1,2,6,1,1,30.57142857,0,10,1,0,0,0,0,0,0
10,1,3,1,1,0,24.75,0,10,1,0,0,0,0,0,0
10,1,3,2,1,0,24.75,0,10,1,0,0,0,0,0,0
10,1,3,3,1,0,24.75,0,10,0,0,0,0,0,0,1
10,1,3,4,1,0,28,1,11,0,1,0,0,0,0,0
10,1,3,5,1,0,30.57142857,1,12,0,1,0,0,0,0,0
10,1,3,6,1,0,28,1,13,0,1,0,0,0,0,0
10,1,4,1,1,0,28,0,13,1,0,0,0,0,0,0
10,1,4,2,1,0,28,4,17,0,0,0,0,1,0,0
10,1,4,3,1,0,28,1,18,0,1,0,0,0,0,0
10,1,4,4,1,0,30.57142857,1,19,0,1,0,0,0,0,0
10,1,4,5,1,0,28,2,21,0,0,1,0,0,0,0
10,1,4,6,1,0,28,1,22,0,1,0,0,0,0,0
10,1,5,1,1,0,28,1,23,0,1,0,0,0,0,0
10,1,5,2,1,0,30.57142857,0,23,1,0,0,0,0,0,0
10,1,5,3,1,0,28,4,27,0,0,0,0,1,0,0
10,1,5,4,1,0,28,1,28,0,1,0,0,0,0,0
10,1,5,5,1,0,30.57142857,0,28,1,0,0,0,0,0,0
10,1,5,6,1,0,30.57142857,0,28,0,0,0,0,0,0,1
10,1,6,1,1,0,28,1,29,0,1,0,0,0,0,0
10,1,6,2,1,0,9.375,0,29,1,0,0,0,0,0,0
10,1,6,3,1,0,9.375,4,33,0,0,0,0,1,0,0
10,1,6,4,1,0,9.375,2,35,0,0,1,0,0,0,0
10,1,6,5,1,0,9.375,1,36,0,1,0,0,0,0,0
10,1,6,6,1,0,28,1,37,0,1,0,0,0,0,0
10,1,7,1,0,1,28,1,38,0,1,0,0,0,0,0
10,1,7,2,0,1,9.375,0,38,1,0,0,0,0,0,0
10,1,7,3,0,1,9.375,0,38,1,0,0,0,0,0,0
10,1,7,4,0,1,9.375,0,38,1,0,0,0,0,0,0
10,1,7,5,0,1,9.375,1,39,0,1,0,0,0,0,0
10,1,7,6,0,1,28,0,39,1,0,0,0,0,0,0
10,1,8,1,0,1,9.375,1,40,0,1,0,0,0,0,0
10,1,8,2,0,1,28,0,40,1,0,0,0,0,0,0
10,1,8,3,0,1,28,2,42,0,0,1,0,0,0,0
10,1,8,4,0,1,28,1,43,0,1,0,0,0,0,0
10,1,8,5,0,1,9.375,1,44,0,1,0,0,0,0,0
10,1,8,6,0,1,28,1,45,0,1,0,0,0,0,0
10,1,9,1,0,1,28,6,51,0,0,0,0,0,1,0
10,1,9,2,0,1,28,2,53,0,0,1,0,0,0,0
10,1,9,3,0,1,28,1,54,0,1,0,0,0,0,0
10,1,9,4,0,1,9.375,4,58,0,0,0,0,1,0,0
10,1,9,5,0,1,9.375,1,59,0,1,0,0,0,0,0
10,1,9,6,0,1,28,1,60,0,1,0,0,0,0,0
10,1,10,1,0,0,28,1,61,0,1,0,0,0,0,0
10,1,10,2,0,0,9.375,0,61,1,0,0,0,0,0,0
10,1,10,3,0,0,9.375,1,62,0,1,0,0,0,0,0
10,1,10,4,0,0,28,1,63,0,1,0,0,0,0,0
10,1,10,5,0,0,9.375,1,64,0,1,0,0,0,0,0
10,1,10,6,0,0,28,1,65,0,1,0,0,0,0,0
10,1,11,1,0,0,28,1,66,0,1,0,0,0,0,0
10,1,11,2,0,0,9.375,2,68,0,0,1,0,0,0,0
10,1,11,3,0,0,9.375,0,68,1,0,0,0,0,0,0
10,1,11,4,0,0,9.375,0,68,0,0,0,0,0,0,1
10,1,11,5,0,0,15.8,0,68,1,0,0,0,0,0,0
10,1,11,6,0,0,15.8,1,69,0,1,0,0,0,0,0
10,1,12,1,0,0,15.8,0,69,1,0,0,0,0,0,0
10,1,12,2,0,0,15.8,0,69,1,0,0,0,0,0,0
10,1,12,3,0,0,15.8,1,70,0,1,0,0,0,0,0
10,1,12,4,0,0,28,1,71,0,1,0,0,0,0,0
10,1,12,5,0,0,15.8,1,72,0,1,0,0,0,0,0
10,1,12,6,0,0,28,2,74,0,0,1,0,0,0,0
10,1,13,1,0,0,15.8,1,75,0,1,0,0,0,0,0
10,1,13,2,0,0,28,2,77,0,0,1,0,0,0,0
10,1,13,3,0,0,28,0,77,1,0,0,0,0,0,0
10,1,13,4,0,0,28,6,83,0,0,0,0,0,1,0
10,1,13,5,0,0,28,4,87,0,0,0,0,1,0,0
10,1,13,6,0,0,28,4,91,0,0,0,0,1,0,0
10,1,14,1,0,1,15.8,1,92,0,1,0,0,0,0,0
10,1,14,2,0,1,28,1,93,0,1,0,0,0,0,0
10,1,14,3,0,1,15.8,4,97,0,0,0,0,1,0,0
10,1,14,4,0,1,15.8,1,98,0,1,0,0,0,0,0
10,1,14,5,0,1,28,0,98,1,0,0,0,0,0,0
10,1,14,6,0,1,28,1,99,0,1,0,0,0,0,0
10,1,15,1,0,0,28,1,100,0,1,0,0,0,0,0
10,1,15,2,0,0,15.8,0,100,1,0,0,0,0,0,0
10,1,15,3,0,0,15.8,0,100,1,0,0,0,0,0,0
10,1,15,4,0,0,15.8,3,103,0,0,0,1,0,0,0
10,1,15,5,0,0,28,0,103,1,0,0,0,0,0,0
10,1,15,6,0,0,28,0,103,1,0,0,0,0,0,0
10,1,16,1,0,1,28,1,104,0,1,0,0,0,0,0
10,1,16,2,0,1,15.8,0,104,1,0,0,0,0,0,0
10,1,16,3,0,1,15.8,0,104,1,0,0,0,0,0,0
10,1,16,4,0,1,15.8,4,108,0,0,0,0,1,0,0
10,1,16,5,0,1,15.8,1,109,0,1,0,0,0,0,0
10,1,16,6,0,1,28,2,111,0,0,1,0,0,0,0
10,1,17,1,0,0,15.8,1,112,0,1,0,0,0,0,0
10,1,17,2,0,0,28,2,114,0,0,1,0,0,0,0
10,1,17,3,0,0,28,1,115,0,1,0,0,0,0,0
10,1,17,4,0,0,15.8,0,115,1,0,0,0,0,0,0
10,1,17,5,0,0,15.8,4,119,0,0,0,0,1,0,0
10,1,17,6,0,0,15.8,0,119,1,0,0,0,0,0,0
10,1,18,1,0,1,28,4,123,0,0,0,0,1,0,0
10,1,18,2,0,1,28,4,127,0,0,0,0,1,0,0
10,1,18,3,0,1,28,1,128,0,1,0,0,0,0,0
10,1,18,4,0,1,15.8,1,129,0,1,0,0,0,0,0
10,1,18,5,0,1,28,2,131,0,0,1,0,0,0,0
10,1,18,6,0,1,28,2,133,0,0,1,0,0,0,0
10,1,19,1,0,0,15.8,2,135,0,0,1,0,0,0,0
10,1,19,2,0,0,15.8,0,135,1,0,0,0,0,0,0
10,1,19,3,0,0,15.8,1,136,0,1,0,0,0,0,0
10,1,19,4,0,0,28,4,140,0,0,0,0,1,0,0
10,1,19,5,0,0,28,1,141,0,1,0,0,0,0,0
10,1,19,6,0,0,15.8,2,143,0,0,1,0,0,0,0
10,1,20,1,0,0,28,1,144,0,1,0,0,0,0,0
10,1,20,2,0,0,15.8,2,146,0,0,1,0,0,0,0
10,1,20,3,0,0,15.8,1,147,0,1,0,0,0,0,0
10,1,20,4,0,0,28,0,147,1,0,0,0,0,0,0
10,1,20,5,0,0,28,2,149,0,0,1,0,0,0,0
10,1,20,6,0,0,28,2,151,0,0,1,0,0,0,0
11,1,1,1,1,0,22.2,0,0,1,0,0,0,0,0,0
11,1,1,2,1,0,22.2,0,0,1,0,0,0,0,0,0
11,1,1,3,1,0,22.2,0,0,1,0,0,0,0,0,0
11,1,1,4,1,0,22.2,0,0,1,0,0,0,0,0,0
11,1,1,5,1,0,22.2,0,0,1,0,0,0,0,0,0
11,1,1,6,1,0,22.2,4,4,0,0,0,0,1,0,0
11,1,2,1,1,0,21.6,0,4,1,0,0,0,0,0,0
11,1,2,2,1,0,21.6,0,4,1,0,0,0,0,0,0
11,1,2,3,1,0,22.2,0,4,1,0,0,0,0,0,0
11,1,2,4,1,0,22.2,0,4,1,0,0,0,0,0,0
11,1,2,5,1,0,22.2,0,4,1,0,0,0,0,0,0
11,1,2,6,1,0,22.2,0,4,0,0,0,0,0,0,1
11,1,3,1,1,0,21.6,0,4,1,0,0,0,0,0,0
11,1,3,2,1,0,21.6,4,8,0,0,0,0,1,0,0
11,1,3,3,1,0,21.6,1,9,0,1,0,0,0,0,0
11,1,3,4,1,0,32.63157895,0,9,1,0,0,0,0,0,0
11,1,3,5,1,0,32.63157895,1,10,0,1,0,0,0,0,0
11,1,3,6,1,0,21.6,0,10,1,0,0,0,0,0,0
11,1,4,1,1,1,32.63157895,0,10,1,0,0,0,0,0,0
11,1,4,2,1,1,32.63157895,1,11,0,1,0,0,0,0,0
11,1,4,3,1,1,21.6,6,17,0,0,0,0,0,1,0
11,1,4,4,1,1,21.6,0,17,1,0,0,0,0,0,0
11,1,4,5,1,1,21.6,4,21,0,0,0,0,1,0,0
11,1,4,6,1,1,21.6,0,21,1,0,0,0,0,0,0
11,1,5,1,1,0,32.63157895,1,22,0,1,0,0,0,0,0
11,1,5,2,1,0,21.6,4,26,0,0,0,0,1,0,0
11,1,5,3,1,0,21.6,4,30,0,0,0,0,1,0,0
11,1,5,4,1,0,21.6,0,30,1,0,0,0,0,0,0
11,1,5,5,1,0,21.6,4,34,0,0,0,0,1,0,0
11,1,5,6,1,0,21.6,4,38,0,0,0,0,1,0,0
11,1,6,1,1,1,32.63157895,1,39,0,1,0,0,0,0,0
11,1,6,2,1,1,21.6,1,40,0,1,0,0,0,0,0
11,1,6,3,1,1,32.63157895,0,40,0,0,0,0,0,0,1
11,1,6,4,1,1,24.22222222,0,40,1,0,0,0,0,0,0
11,1,6,5,1,1,24.22222222,0,40,1,0,0,0,0,0,0
11,1,6,6,1,1,24.22222222,1,41,0,1,0,0,0,0,0
11,1,7,1,0,0,24.22222222,0,41,1,0,0,0,0,0,0
11,1,7,2,0,0,24.22222222,1,42,0,1,0,0,0,0,0
11,1,7,3,0,0,21.6,1,43,0,1,0,0,0,0,0
11,1,7,4,0,0,24.22222222,2,45,0,0,1,0,0,0,0
11,1,7,5,0,0,24.22222222,0,45,1,0,0,0,0,0,0
11,1,7,6,0,0,24.22222222,2,47,0,0,1,0,0,0,0
11,1,8,1,0,1,21.6,0,47,1,0,0,0,0,0,0
11,1,8,2,0,1,21.6,1,48,0,1,0,0,0,0,0
11,1,8,3,0,1,24.22222222,0,48,1,0,0,0,0,0,0
11,1,8,4,0,1,21.6,1,49,0,1,0,0,0,0,0
11,1,8,5,0,1,24.22222222,2,51,0,0,1,0,0,0,0
11,1,8,6,0,1,24.22222222,1,52,0,1,0,0,0,0,0
11,1,9,1,0,0,24.22222222,1,53,0,1,0,0,0,0,0
11,1,9,2,0,0,21.6,1,54,0,1,0,0,0,0,0
11,1,9,3,0,0,24.22222222,1,55,0,1,0,0,0,0,0
11,1,9,4,0,0,21.6,1,56,0,1,0,0,0,0,0
11,1,9,5,0,0,24.22222222,1,57,0,1,0,0,0,0,0
11,1,9,6,0,0,21.6,1,58,0,1,0,0,0,0,0
11,1,10,1,0,1,21.6,1,59,0,1,0,0,0,0,0
11,1,10,2,0,1,24.22222222,1,60,0,1,0,0,0,0,0
11,1,10,3,0,1,21.6,1,61,0,1,0,0,0,0,0
11,1,10,4,0,1,24.22222222,4,65,0,0,0,0,1,0,0
11,1,10,5,0,1,24.22222222,1,66,0,1,0,0,0,0,0
11,1,10,6,0,1,21.6,0,66,1,0,0,0,0,0,0
11,1,11,1,0,0,24.22222222,0,66,1,0,0,0,0,0,0
11,1,11,2,0,0,24.22222222,4,70,0,0,0,0,1,0,0
11,1,11,3,0,0,24.22222222,0,70,1,0,0,0,0,0,0
11,1,11,4,0,0,24.22222222,2,72,0,0,1,0,0,0,0
11,1,11,5,0,0,24.22222222,0,72,0,0,0,0,0,0,1
11,1,11,6,0,0,21.6,1,73,0,1,0,0,0,0,0
11,1,12,1,0,1,21.6,1,74,0,1,0,0,0,0,0
11,1,12,2,0,1,22.09090909,1,75,0,1,0,0,0,0,0
11,1,12,3,0,1,21.6,4,79,0,0,0,0,1,0,0
11,1,12,4,0,1,21.6,2,81,0,0,1,0,0,0,0
11,1,12,5,0,1,21.6,1,82,0,1,0,0,0,0,0
11,1,12,6,0,1,22.09090909,2,84,0,0,1,0,0,0,0
11,1,13,1,0,0,21.6,0,84,1,0,0,0,0,0,0
11,1,13,2,0,0,21.6,1,85,0,1,0,0,0,0,0
11,1,13,3,0,0,22.09090909,1,86,0,1,0,0,0,0,0
11,1,13,4,0,0,21.6,1,87,0,1,0,0,0,0,0
11,1,13,5,0,0,22.09090909,0,87,1,0,0,0,0,0,0
11,1,13,6,0,0,22.09090909,0,87,1,0,0,0,0,0,0
11,1,14,1,0,1,21.6,1,88,0,1,0,0,0,0,0
11,1,14,2,0,1,22.09090909,1,89,0,1,0,0,0,0,0
11,1,14,3,0,1,21.6,1,90,0,1,0,0,0,0,0
11,1,14,4,0,1,22.09090909,1,91,0,1,0,0,0,0,0
11,1,14,5,0,1,21.6,1,92,0,1,0,0,0,0,0
11,1,14,6,0,1,22.09090909,1,93,0,1,0,0,0,0,0
11,1,15,1,0,0,22.09090909,4,97,0,0,0,0,1,0,0
11,1,15,2,0,0,22.09090909,1,98,0,1,0,0,0,0,0
11,1,15,3,0,0,21.6,2,100,0,0,1,0,0,0,0
11,1,15,4,0,0,21.6,6,106,0,0,0,0,0,1,0
11,1,15,5,0,0,21.6,0,106,0,0,0,0,0,0,1
11,1,15,6,0,0,29.75,1,107,0,1,0,0,0,0,0
11,1,16,1,0,1,29.75,1,108,0,1,0,0,0,0,0
11,1,16,2,0,1,22.09090909,0,108,1,0,0,0,0,0,0
11,1,16,3,0,1,22.09090909,1,109,0,1,0,0,0,0,0
11,1,16,4,0,1,29.75,1,110,0,1,0,0,0,0,0
11,1,16,5,0,1,22.09090909,0,110,1,0,0,0,0,0,0
11,1,16,6,0,1,22.09090909,1,111,0,1,0,0,0,0,0
11,1,17,1,0,0,22.09090909,2,113,0,0,1,0,0,0,0
11,1,17,2,0,0,22.09090909,2,115,0,0,1,0,0,0,0
11,1,17,3,0,0,22.09090909,1,116,0,1,0,0,0,0,0
11,1,17,4,0,0,29.75,0,116,0,0,0,0,0,0,1
11,1,17,5,0,0,2.666666667,1,117,0,1,0,0,0,0,0
11,1,17,6,0,0,22.09090909,1,118,0,1,0,0,0,0,0
11,1,18,1,0,1,22.09090909,6,124,0,0,0,0,0,1,0
11,1,18,2,0,1,22.09090909,2,126,0,0,1,0,0,0,0
11,1,18,3,0,1,22.09090909,4,130,0,0,0,0,1,0,0
11,1,18,4,0,1,22.09090909,2,132,0,0,1,0,0,0,0
11,1,18,5,0,1,22.09090909,1,133,0,1,0,0,0,0,0
11,1,18,6,0,1,2.666666667,1,134,0,1,0,0,0,0,0
11,1,19,1,0,0,2.666666667,2,136,0,0,1,0,0,0,0
11,1,19,2,0,0,2.666666667,1,137,0,1,0,0,0,0,0
11,1,19,3,0,0,2.666666667,0,137,1,0,0,0,0,0,0
11,1,19,4,0,0,2.666666667,0,137,1,0,0,0,0,0,0
11,1,19,5,0,0,2.666666667,1,138,0,1,0,0,0,0,0
11,1,19,6,0,0,22.09090909,4,142,0,0,0,0,1,0,0
11,1,20,1,0,0,2.666666667,1,143,0,1,0,0,0,0,0
11,1,20,2,0,0,22.09090909,4,147,0,0,0,0,1,0,0
11,1,20,3,0,0,22.09090909,2,149,0,0,1,0,0,0,0
11,1,20,4,0,0,22.09090909,2,151,0,0,1,0,0,0,0
11,1,20,5,0,0,22.09090909,1,152,0,1,0,0,0,0,0
11,1,20,6,0,0,2.666666667,1,153,0,1,0,0,0,0,0
12,1,1,1,1,0,20.54545455,4,4,0,0,0,0,1,0,0
12,1,1,2,1,0,20.54545455,0,4,1,0,0,0,0,0,0
12,1,1,3,1,0,20.54545455,1,5,0,1,0,0,0,0,0
12,1,1,4,1,0,28.33333333,0,5,1,0,0,0,0,0,0
12,1,1,5,1,0,28.33333333,0,5,1,0,0,0,0,0,0
12,1,1,6,1,0,28.33333333,1,6,0,1,0,0,0,0,0
12,1,2,1,1,1,28.33333333,1,7,0,1,0,0,0,0,0
12,1,2,2,1,1,20.54545455,0,7,0,0,0,0,0,0,1
12,1,2,3,1,1,31.2,0,7,1,0,0,0,0,0,0
12,1,2,4,1,1,31.2,0,7,1,0,0,0,0,0,0
12,1,2,5,1,1,31.2,6,13,0,0,0,0,0,1,0
12,1,2,6,1,1,31.2,0,13,1,0,0,0,0,0,0
12,1,3,1,1,0,28.33333333,1,14,0,1,0,0,0,0,0
12,1,3,2,1,0,31.2,0,14,1,0,0,0,0,0,0
12,1,3,3,1,0,31.2,0,14,0,0,0,0,0,0,1
12,1,3,4,1,0,24.2,3,17,0,0,0,1,0,0,0
12,1,3,5,1,0,28.33333333,0,17,1,0,0,0,0,0,0
12,1,3,6,1,0,28.33333333,0,17,0,0,0,0,0,0,1
12,1,4,1,1,1,24.2,2,19,0,0,1,0,0,0,0
12,1,4,2,1,1,24.2,1,20,0,1,0,0,0,0,0
12,1,4,3,1,1,26.54545455,0,20,1,0,0,0,0,0,0
12,1,4,4,1,1,26.54545455,0,20,1,0,0,0,0,0,0
12,1,4,5,1,1,26.54545455,1,21,0,1,0,0,0,0,0
12,1,4,6,1,1,24.2,0,21,1,0,0,0,0,0,0
12,1,5,1,1,0,26.54545455,0,21,1,0,0,0,0,0,0
12,1,5,2,1,0,26.54545455,1,22,0,1,0,0,0,0,0
12,1,5,3,1,0,24.2,2,24,0,0,1,0,0,0,0
12,1,5,4,1,0,24.2,0,24,1,0,0,0,0,0,0
12,1,5,5,1,0,24.2,0,24,1,0,0,0,0,0,0
12,1,5,6,1,0,24.2,0,24,1,0,0,0,0,0,0
12,1,6,1,1,0,26.54545455,1,25,0,1,0,0,0,0,0
12,1,6,2,1,0,24.2,4,29,0,0,0,0,1,0,0
12,1,6,3,1,0,24.2,0,29,0,0,0,0,0,0,1
12,1,6,4,1,0,24.6,0,29,1,0,0,0,0,0,0
12,1,6,5,1,0,24.6,0,29,1,0,0,0,0,0,0
12,1,6,6,1,0,24.6,1,30,0,1,0,0,0,0,0
12,1,7,1,0,0,24.6,0,30,1,0,0,0,0,0,0
12,1,7,2,0,0,24.6,1,31,0,1,0,0,0,0,0
12,1,7,3,0,0,26.54545455,1,32,0,1,0,0,0,0,0
12,1,7,4,0,0,24.6,1,33,0,1,0,0,0,0,0
12,1,7,5,0,0,26.54545455,1,34,0,1,0,0,0,0,0
12,1,7,6,0,0,24.6,1,35,0,1,0,0,0,0,0
12,1,8,1,0,1,24.6,4,39,0,0,0,0,1,0,0
12,1,8,2,0,1,24.6,0,39,1,0,0,0,0,0,0
12,1,8,3,0,1,24.6,0,39,1,0,0,0,0,0,0
12,1,8,4,0,1,24.6,1,40,0,1,0,0,0,0,0
12,1,8,5,0,1,26.54545455,1,41,0,1,0,0,0,0,0
12,1,8,6,0,1,24.6,1,42,0,1,0,0,0,0,0
12,1,9,1,0,0,24.6,0,42,1,0,0,0,0,0,0
12,1,9,2,0,0,24.6,0,42,1,0,0,0,0,0,0
12,1,9,3,0,0,24.6,0,42,1,0,0,0,0,0,0
12,1,9,4,0,0,24.6,6,48,0,0,0,0,0,1,0
12,1,9,5,0,0,24.6,1,49,0,1,0,0,0,0,0
12,1,9,6,0,0,26.54545455,0,49,1,0,0,0,0,0,0
12,1,10,1,0,1,24.6,1,50,0,1,0,0,0,0,0
12,1,10,2,0,1,26.54545455,4,54,0,0,0,0,1,0,0
12,1,10,3,0,1,26.54545455,0,54,0,0,0,0,0,0,1
12,1,10,4,0,1,5.333333333,1,55,0,1,0,0,0,0,0
12,1,10,5,0,1,24.6,0,55,1,0,0,0,0,0,0
12,1,10,6,0,1,5.333333333,0,55,1,0,0,0,0,0,0
12,1,11,1,0,0,24.6,0,55,1,0,0,0,0,0,0
12,1,11,2,0,0,24.6,1,56,0,1,0,0,0,0,0
12,1,11,3,0,0,5.333333333,0,56,1,0,0,0,0,0,0
12,1,11,4,0,0,5.333333333,0,56,1,0,0,0,0,0,0
12,1,11,5,0,0,5.333333333,1,57,0,1,0,0,0,0,0
12,1,11,6,0,0,24.6,1,58,0,1,0,0,0,0,0
12,1,12,1,0,1,24.6,1,59,0,1,0,0,0,0,0
12,1,12,2,0,1,5.333333333,0,59,1,0,0,0,0,0,0
12,1,12,3,0,1,5.333333333,1,60,0,1,0,0,0,0,0
12,1,12,4,0,1,24.6,1,61,0,1,0,0,0,0,0
12,1,12,5,0,1,5.333333333,1,62,0,1,0,0,0,0,0
12,1,12,6,0,1,24.6,1,63,0,1,0,0,0,0,0
12,1,13,1,0,0,24.6,1,64,0,1,0,0,0,0,0
12,1,13,2,0,0,5.333333333,1,65,0,1,0,0,0,0,0
12,1,13,3,0,0,24.6,4,69,0,0,0,0,1,0,0
12,1,13,4,0,0,24.6,1,70,0,1,0,0,0,0,0
12,1,13,5,0,0,5.333333333,1,71,0,1,0,0,0,0,0
12,1,13,6,0,0,24.6,6,77,0,0,0,0,0,1,0
12,1,14,1,0,1,5.333333333,2,79,0,0,1,0,0,0,0
12,1,14,2,0,1,5.333333333,2,81,0,0,1,0,0,0,0
12,1,14,3,0,1,5.333333333,1,82,0,1,0,0,0,0,0
12,1,14,4,0,1,24.6,2,84,0,0,1,0,0,0,0
12,1,14,5,0,1,24.6,4,88,0,0,0,0,1,0,0
12,1,14,6,0,1,24.6,1,89,0,1,0,0,0,0,0
12,1,15,1,0,0,24.6,6,95,0,0,0,0,0,1,0
12,1,15,2,0,0,24.6,4,99,0,0,0,0,1,0,0
12,1,15,3,0,0,24.6,0,99,1,0,0,0,0,0,0
12,1,15,4,0,0,24.6,1,100,0,1,0,0,0,0,0
12,1,15,5,0,0,5.333333333,4,104,0,0,0,0,1,0,0
12,1,15,6,0,0,5.333333333,1,105,0,1,0,0,0,0,0
12,1,16,1,0,0,5.333333333,1,106,0,1,0,0,0,0,0
12,1,16,2,0,0,24.6,0,106,0,0,0,0,0,0,1
12,1,16,3,0,0,5.333333333,1,107,0,1,0,0,0,0,0
12,1,16,4,0,0,9.85,1,108,0,1,0,0,0,0,0
12,1,16,5,0,0,5.333333333,1,109,0,1,0,0,0,0,0
12,1,16,6,0,0,9.85,1,110,0,1,0,0,0,0,0
12,1,17,1,0,0,9.85,1,111,0,1,0,0,0,0,0
12,1,17,2,0,0,5.333333333,1,112,0,1,0,0,0,0,0
12,1,17,3,0,0,9.85,0,112,1,0,0,0,0,0,0
12,1,17,4,0,0,9.85,1,113,0,1,0,0,0,0,0
12,1,17,5,0,0,5.333333333,1,114,0,1,0,0,0,0,0
12,1,17,6,0,0,9.85,1,115,0,1,0,0,0,0,0
12,1,18,1,0,0,9.85,0,115,1,0,0,0,0,0,0
12,1,18,2,0,0,9.85,1,116,0,1,0,0,0,0,0
12,1,18,3,0,0,5.333333333,2,118,0,0,1,0,0,0,0
12,1,18,4,0,0,5.333333333,6,124,0,0,0,0,0,1,0
12,1,18,5,0,0,5.333333333,1,125,0,1,0,0,0,0,0
12,1,18,6,0,0,9.85,1,126,0,1,0,0,0,0,0
12,1,19,1,0,0,9.85,1,127,0,1,0,0,0,0,0
12,1,19,2,0,0,5.333333333,1,128,0,1,0,0,0,0,0
12,1,19,3,0,0,9.85,2,130,0,0,1,0,0,0,0
12,1,19,4,0,0,9.85,0,130,0,0,0,0,0,0,1
12,1,19,5,0,0,NA,1,131,0,1,0,0,0,0,0
12,1,19,6,0,0,5.333333333,1,132,0,1,0,0,0,0,0
12,1,20,1,0,1,5.333333333,1,133,0,1,0,0,0,0,0
12,1,20,2,0,1,NA,1,134,0,1,0,0,0,0,0
12,1,20,3,0,1,5.333333333,1,135,0,1,0,0,0,0,0
12,1,20,4,0,1,NA,1,136,0,1,0,0,0,0,0
12,1,20,5,0,1,NA,0,136,0,0,0,0,0,0,1
12,1,20,6,0,1,5.333333333,1,137,0,1,0,0,0,0,0
13,1,1,1,1,1,38.27272727,1,1,0,1,0,0,0,0,0
13,1,1,2,1,1,27.5625,0,1,1,0,0,0,0,0,0
13,1,1,3,1,1,27.5625,0,1,1,0,0,0,0,0,0
13,1,1,4,1,1,27.5625,1,2,0,1,0,0,0,0,0
13,1,1,5,1,1,38.27272727,2,4,0,0,1,0,0,0,0
13,1,1,6,1,1,38.27272727,0,4,1,0,0,0,0,0,0
13,1,2,1,1,0,27.5625,4,8,0,0,0,0,1,0,0
13,1,2,2,1,0,27.5625,2,10,0,0,1,0,0,0,0
13,1,2,3,1,0,27.5625,0,10,1,0,0,0,0,0,0
13,1,2,4,1,0,27.5625,0,10,1,0,0,0,0,0,0
13,1,2,5,1,0,27.5625,0,10,1,0,0,0,0,0,0
13,1,2,6,1,0,27.5625,0,10,1,0,0,0,0,0,0
13,1,3,1,1,0,27.5625,0,10,1,0,0,0,0,0,0
13,1,3,2,1,0,27.5625,0,10,1,0,0,0,0,0,0
13,1,3,3,1,0,27.5625,1,11,0,1,0,0,0,0,0
13,1,3,4,1,0,38.27272727,0,11,1,0,0,0,0,0,0
13,1,3,5,1,0,38.27272727,1,12,0,1,0,0,0,0,0
13,1,3,6,1,0,27.5625,1,13,0,1,0,0,0,0,0
13,1,4,1,1,0,27.5625,0,13,1,0,0,0,0,0,0
13,1,4,2,1,0,27.5625,0,13,1,0,0,0,0,0,0
13,1,4,3,1,0,27.5625,1,14,0,1,0,0,0,0,0
13,1,4,4,1,0,38.27272727,0,14,1,0,0,0,0,0,0
13,1,4,5,1,0,38.27272727,0,14,1,0,0,0,0,0,0
13,1,4,6,1,0,38.27272727,0,14,1,0,0,0,0,0,0
13,1,5,1,1,0,27.5625,1,15,0,1,0,0,0,0,0
13,1,5,2,1,0,38.27272727,0,15,1,0,0,0,0,0,0
13,1,5,3,1,0,38.27272727,0,15,1,0,0,0,0,0,0
13,1,5,4,1,0,38.27272727,1,16,0,1,0,0,0,0,0
13,1,5,5,1,0,27.5625,1,17,0,1,0,0,0,0,0
13,1,5,6,1,0,38.27272727,1,18,0,1,0,0,0,0,0
13,1,6,1,1,1,38.27272727,1,19,0,1,0,0,0,0,0
13,1,6,2,1,1,27.5625,1,20,0,1,0,0,0,0,0
13,1,6,3,1,1,38.27272727,4,24,0,0,0,0,1,0,0
13,1,6,4,1,1,38.27272727,4,28,0,0,0,0,1,0,0
13,1,6,5,1,1,38.27272727,1,29,0,1,0,0,0,0,0
13,1,6,6,1,1,27.5625,4,33,0,0,0,0,1,0,0
13,1,6,1,1,1,38.27272727,0,33,0,0,0,0,0,0,1
13,1,7,2,0,0,27.5625,2,35,0,0,1,0,0,0,0
13,1,7,3,0,0,27.5625,1,36,0,1,0,0,0,0,0
13,1,7,4,0,0,29.91666667,1,37,0,1,0,0,0,0,0
13,1,7,5,0,0,27.5625,4,41,0,0,0,0,1,0,0
13,1,7,6,0,0,29.91666667,1,42,0,1,0,0,0,0,0
13,1,8,1,0,1,29.91666667,0,42,1,0,0,0,0,0,0
13,1,8,2,0,1,29.91666667,0,42,1,0,0,0,0,0,0
13,1,8,3,0,1,29.91666667,2,44,0,0,1,0,0,0,0
13,1,8,4,0,1,29.91666667,1,45,0,1,0,0,0,0,0
13,1,8,5,0,1,27.5625,2,47,0,0,1,0,0,0,0
13,1,8,6,0,1,27.5625,0,47,1,0,0,0,0,0,0
13,1,9,1,0,1,29.91666667,0,47,1,0,0,0,0,0,0
13,1,9,2,0,1,27.5625,1,48,0,1,0,0,0,0,0
13,1,9,3,0,1,29.91666667,2,50,0,0,1,0,0,0,0
13,1,9,4,0,1,29.91666667,1,51,0,1,0,0,0,0,0
13,1,9,5,0,1,27.5625,1,52,0,1,0,0,0,0,0
13,1,9,6,0,1,29.91666667,1,53,0,1,0,0,0,0,0
13,1,10,1,0,1,29.91666667,1,54,0,1,0,0,0,0,0
13,1,10,2,0,1,27.5625,0,54,0,0,0,0,0,0,1
13,1,10,3,0,1,15,1,55,0,1,0,0,0,0,0
13,1,10,4,0,1,29.91666667,1,56,0,1,0,0,0,0,0
13,1,10,5,0,1,15,0,56,1,0,0,0,0,0,0
13,1,10,6,0,1,15,4,60,0,0,0,0,1,0,0
13,1,11,1,0,1,29.91666667,0,60,1,0,0,0,0,0,0
13,1,11,2,0,1,29.91666667,1,61,0,1,0,0,0,0,0
13,1,11,3,0,1,15,1,62,0,1,0,0,0,0,0
13,1,11,4,0,1,29.91666667,0,62,1,0,0,0,0,0,0
13,1,11,5,0,1,29.91666667,1,63,0,1,0,0,0,0,0
13,1,11,6,0,1,15,0,63,1,0,0,0,0,0,0
13,1,12,1,0,1,29.91666667,2,65,0,0,1,0,0,0,0
13,1,12,2,0,1,29.91666667,0,65,1,0,0,0,0,0,0
13,1,12,3,0,1,29.91666667,1,66,0,1,0,0,0,0,0
13,1,12,4,0,1,15,6,72,0,0,0,0,0,1,0
13,1,12,5,0,1,15,1,73,0,1,0,0,0,0,0
13,1,12,6,0,1,29.91666667,2,75,0,0,1,0,0,0,0
13,1,13,1,0,1,15,3,78,0,0,0,1,0,0,0
13,1,13,2,0,1,29.91666667,1,79,0,1,0,0,0,0,0
13,1,13,3,0,1,15,6,85,0,0,0,0,0,1,0
13,1,13,4,0,1,15,1,86,0,1,0,0,0,0,0
13,1,13,5,0,1,29.91666667,1,87,0,1,0,0,0,0,0
13,1,13,6,0,1,15,2,89,0,0,1,0,0,0,0
13,1,14,1,0,0,29.91666667,0,89,1,0,0,0,0,0,0
13,1,14,2,0,0,29.91666667,0,89,1,0,0,0,0,0,0
13,1,14,3,0,0,29.91666667,1,90,0,1,0,0,0,0,0
13,1,14,4,0,0,15,1,91,0,1,0,0,0,0,0
13,1,14,5,0,0,29.91666667,1,92,0,1,0,0,0,0,0
13,1,14,6,0,0,15,0,92,1,0,0,0,0,0,0
13,1,15,1,0,0,29.91666667,4,96,0,0,0,0,1,0,0
13,1,15,2,0,0,29.91666667,0,96,1,0,0,0,0,0,0
13,1,15,3,0,0,29.91666667,4,100,0,0,0,0,1,0,0
13,1,15,4,0,0,29.91666667,1,101,0,1,0,0,0,0,0
13,1,15,5,0,0,15,0,101,0,0,0,0,0,0,1
13,1,15,6,0,0,29.91666667,2,103,0,0,1,0,0,0,0
13,1,16,1,0,1,8.833333333,0,103,1,0,0,0,0,0,0
13,1,16,2,0,1,8.833333333,1,104,0,1,0,0,0,0,0
13,1,16,3,0,1,29.91666667,1,105,0,1,0,0,0,0,0
13,1,16,4,0,1,8.833333333,4,109,0,0,0,0,1,0,0
13,1,16,5,0,1,29.91666667,4,113,0,0,0,0,1,0,0
13,1,16,6,0,1,29.91666667,2,115,0,0,1,0,0,0,0
13,1,17,1,0,0,8.833333333,2,117,0,0,1,0,0,0,0
13,1,17,2,0,0,8.833333333,0,117,0,0,0,0,0,0,1
13,1,17,3,0,0,29.91666667,0,117,1,0,0,0,0,0,0
13,1,17,4,0,0,29.91666667,1,118,0,1,0,0,0,0,0
13,1,17,5,0,0,1,0,118,1,0,0,0,0,0,0
13,1,17,6,0,0,1,0,118,1,0,0,0,0,0,0
13,1,18,1,0,0,29.91666667,1,119,0,1,0,0,0,0,0
13,1,18,2,0,0,1,0,119,1,0,0,0,0,0,0
13,1,18,3,0,0,29.91666667,1,120,0,1,0,0,0,0,0
13,1,18,4,0,0,1,4,124,0,0,0,0,1,0,0
13,1,18,5,0,0,1,0,124,1,0,0,0,0,0,0
13,1,18,6,0,0,1,1,125,0,1,0,0,0,0,0
13,1,19,1,0,0,1,2,127,0,0,1,0,0,0,0
13,1,19,2,0,0,1,0,127,1,0,0,0,0,0,0
13,1,19,3,0,0,1,1,128,0,1,0,0,0,0,0
13,1,19,4,0,0,29.91666667,1,129,0,1,0,0,0,0,0
13,1,19,5,0,0,1,0,129,1,0,0,0,0,0,0
13,1,19,6,0,0,1,6,135,0,0,0,0,0,1,0
13,1,20,1,0,0,29.91666667,1,136,0,1,0,0,0,0,0
13,1,20,2,0,0,1,2,138,0,0,1,0,0,0,0
13,1,20,3,0,0,1,4,142,0,0,0,0,1,0,0
13,1,20,4,0,0,1,0,142,1,0,0,0,0,0,0
13,1,20,5,0,0,29.91666667,2,144,0,0,1,0,0,0,0
13,1,20,6,0,0,29.91666667,3,147,0,0,0,1,0,0,0
14,1,1,1,1,1,37.78571429,1,1,0,1,0,0,0,0,0
14,1,1,2,1,1,28.38888889,4,5,0,0,0,0,1,0,0
14,1,1,3,1,1,28.38888889,0,5,1,0,0,0,0,0,0
14,1,1,4,1,1,28.38888889,0,5,1,0,0,0,0,0,0
14,1,1,5,1,1,37.78571429,4,9,0,0,0,0,1,0,0
14,1,1,6,1,1,37.78571429,1,10,0,1,0,0,0,0,0
14,1,2,1,1,0,37.78571429,2,12,0,0,1,0,0,0,0
14,1,2,2,1,0,37.78571429,2,14,0,0,1,0,0,0,0
14,1,2,3,1,0,37.78571429,4,18,0,0,0,0,1,0,0
14,1,2,4,1,0,37.78571429,2,20,0,0,1,0,0,0,0
14,1,2,5,1,0,37.78571429,1,21,0,1,0,0,0,0,0
14,1,2,6,1,0,28.38888889,2,23,0,0,1,0,0,0,0
14,1,3,1,1,0,37.78571429,0,23,1,0,0,0,0,0,0
14,1,3,2,1,0,37.78571429,0,23,1,0,0,0,0,0,0
14,1,3,3,1,0,37.78571429,0,23,1,0,0,0,0,0,0
14,1,3,4,1,0,37.78571429,0,23,1,0,0,0,0,0,0
14,1,3,5,1,0,37.78571429,1,24,0,1,0,0,0,0,0
14,1,3,6,1,0,28.38888889,1,25,0,1,0,0,0,0,0
14,1,4,1,1,0,28.38888889,2,27,0,0,1,0,0,0,0
14,1,4,2,1,0,28.38888889,1,28,0,1,0,0,0,0,0
14,1,4,3,1,0,37.78571429,0,28,1,0,0,0,0,0,0
14,1,4,4,1,0,37.78571429,1,29,0,1,0,0,0,0,0
14,1,4,5,1,0,28.38888889,0,29,1,0,0,0,0,0,0
14,1,4,6,1,0,28.38888889,6,35,0,0,0,0,0,1,0
14,1,5,1,1,0,37.78571429,0,35,1,0,0,0,0,0,0
14,1,5,2,1,0,37.78571429,0,35,1,0,0,0,0,0,0
14,1,5,3,1,0,37.78571429,1,36,0,1,0,0,0,0,0
14,1,5,4,1,0,28.38888889,4,40,0,0,0,0,1,0,0
14,1,5,5,1,0,28.38888889,1,41,0,1,0,0,0,0,0
14,1,5,6,1,0,37.78571429,1,42,0,1,0,0,0,0,0
14,1,6,1,1,0,37.78571429,1,43,0,1,0,0,0,0,0
14,1,6,2,1,0,28.38888889,0,43,1,0,0,0,0,0,0
14,1,6,3,1,0,28.38888889,2,45,0,0,1,0,0,0,0
14,1,6,4,1,0,28.38888889,0,45,0,0,0,0,0,0,1
14,1,6,5,1,0,31.76,0,45,1,0,0,0,0,0,0
14,1,6,6,1,0,31.76,0,45,0,0,0,0,0,0,1
14,1,7,1,0,1,37.78571429,1,46,0,1,0,0,0,0,0
14,1,7,2,0,1,11.25,0,46,1,0,0,0,0,0,0
14,1,7,3,0,1,11.25,0,46,1,0,0,0,0,0,0
14,1,7,4,0,1,11.25,1,47,0,1,0,0,0,0,0
14,1,7,5,0,1,37.78571429,0,47,1,0,0,0,0,0,0
14,1,7,6,0,1,37.78571429,1,48,0,1,0,0,0,0,0
14,1,8,1,0,1,37.78571429,2,50,0,0,1,0,0,0,0
14,1,8,2,0,1,37.78571429,0,50,1,0,0,0,0,0,0
14,1,8,3,0,1,37.78571429,0,50,1,0,0,0,0,0,0
14,1,8,4,0,1,37.78571429,2,52,0,0,1,0,0,0,0
14,1,8,5,0,1,37.78571429,4,56,0,0,0,0,1,0,0
14,1,8,6,0,1,37.78571429,1,57,0,1,0,0,0,0,0
14,1,9,1,0,1,37.78571429,1,58,0,1,0,0,0,0,0
14,1,9,2,0,1,11.25,0,58,1,0,0,0,0,0,0
14,1,9,3,0,1,11.25,2,60,0,0,1,0,0,0,0
14,1,9,4,0,1,11.25,1,61,0,1,0,0,0,0,0
14,1,9,5,0,1,37.78571429,1,62,0,1,0,0,0,0,0
14,1,9,6,0,1,11.25,1,63,0,1,0,0,0,0,0
14,1,10,1,0,0,11.25,1,64,0,1,0,0,0,0,0
14,1,10,2,0,0,37.78571429,1,65,0,1,0,0,0,0,0
14,1,10,3,0,0,11.25,1,66,0,1,0,0,0,0,0
14,1,10,4,0,0,37.78571429,1,67,0,1,0,0,0,0,0
14,1,10,5,0,0,11.25,1,68,0,1,0,0,0,0,0
14,1,10,6,0,0,37.78571429,0,68,1,0,0,0,0,0,0
14,1,11,1,0,1,11.25,0,68,1,0,0,0,0,0,0
14,1,11,2,0,1,11.25,0,68,0,0,0,0,0,0,1
14,1,11,3,0,1,20.07692308,1,69,0,1,0,0,0,0,0
14,1,11,4,0,1,37.78571429,1,70,0,1,0,0,0,0,0
14,1,11,5,0,1,20.07692308,0,70,1,0,0,0,0,0,0
14,1,11,6,0,1,20.07692308,1,71,0,1,0,0,0,0,0
14,1,12,1,0,1,20.07692308,0,71,1,0,0,0,0,0,0
14,1,12,2,0,1,20.07692308,1,72,0,1,0,0,0,0,0
14,1,12,3,0,1,37.78571429,1,73,0,1,0,0,0,0,0
14,1,12,4,0,1,20.07692308,4,77,0,0,0,0,1,0,0
14,1,12,5,0,1,20.07692308,1,78,0,1,0,0,0,0,0
14,1,12,6,0,1,37.78571429,1,79,0,1,0,0,0,0,0
14,1,13,1,0,1,37.78571429,2,81,0,0,1,0,0,0,0
14,1,13,2,0,1,37.78571429,1,82,0,1,0,0,0,0,0
14,1,13,3,0,1,20.07692308,2,84,0,0,1,0,0,0,0
14,1,13,4,0,1,20.07692308,1,85,0,1,0,0,0,0,0
14,1,13,5,0,1,37.78571429,0,85,1,0,0,0,0,0,0
14,1,13,6,0,1,37.78571429,4,89,0,0,0,0,1,0,0
14,1,14,1,0,1,20.07692308,1,90,0,1,0,0,0,0,0
14,1,14,2,0,1,37.78571429,1,91,0,1,0,0,0,0,0
14,1,14,3,0,1,20.07692308,1,92,0,1,0,0,0,0,0
14,1,14,4,0,1,37.78571429,1,93,0,1,0,0,0,0,0
14,1,14,5,0,1,20.07692308,1,94,0,1,0,0,0,0,0
14,1,14,6,0,1,37.78571429,0,94,1,0,0,0,0,0,0
14,1,15,1,0,0,20.07692308,0,94,1,0,0,0,0,0,0
14,1,15,2,0,0,20.07692308,0,94,1,0,0,0,0,0,0
14,1,15,3,0,0,20.07692308,0,94,1,0,0,0,0,0,0
14,1,15,4,0,0,20.07692308,1,95,0,1,0,0,0,0,0
14,1,15,5,0,0,37.78571429,1,96,0,1,0,0,0,0,0
14,1,15,6,0,0,20.07692308,4,100,0,0,0,0,1,0,0
14,1,16,1,0,1,37.78571429,0,100,1,0,0,0,0,0,0
14,1,16,2,0,1,37.78571429,2,102,0,0,1,0,0,0,0
14,1,16,3,0,1,37.78571429,0,102,0,0,0,0,0,0,1
14,1,16,4,0,1,7.2,1,103,0,1,0,0,0,0,0
14,1,16,5,0,1,20.07692308,0,103,1,0,0,0,0,0,0
14,1,16,6,0,1,20.07692308,0,103,1,0,0,0,0,0,0
14,1,17,1,0,1,7.2,1,104,0,1,0,0,0,0,0
14,1,17,2,0,1,20.07692308,1,105,0,1,0,0,0,0,0
14,1,17,3,0,1,7.2,1,106,0,1,0,0,0,0,0
14,1,17,4,0,1,20.07692308,0,106,1,0,0,0,0,0,0
14,1,17,5,0,1,7.2,2,108,0,0,1,0,0,0,0
14,1,17,6,0,1,7.2,6,114,0,0,0,0,0,1,0
14,1,18,1,0,0,20.07692308,4,118,0,0,0,0,1,0,0
14,1,18,2,0,0,20.07692308,2,120,0,0,1,0,0,0,0
14,1,18,3,0,0,20.07692308,0,120,0,0,0,0,0,0,1
14,1,18,4,0,0,7.2,1,121,0,1,0,0,0,0,0
14,1,18,5,0,0,7.2,1,122,0,1,0,0,0,0,0
14,1,18,6,0,0,46.75,1,123,0,1,0,0,0,0,0
14,1,19,1,0,0,46.75,4,127,0,0,0,0,1,0,0
14,1,19,2,0,0,46.75,1,128,0,1,0,0,0,0,0
14,1,19,3,0,0,7.2,0,128,1,0,0,0,0,0,0
14,1,19,4,0,0,7.2,1,129,0,1,0,0,0,0,0
14,1,19,5,0,0,46.75,1,130,0,1,0,0,0,0,0
14,1,19,6,0,0,7.2,6,136,0,0,0,0,0,1,0
14,1,20,1,0,0,46.75,1,137,0,1,0,0,0,0,0
14,1,20,2,0,0,7.2,6,143,0,0,0,0,0,1,0
14,1,20,3,0,0,7.2,1,144,0,1,0,0,0,0,0
14,1,20,4,0,0,46.75,1,145,0,1,0,0,0,0,0
14,1,20,5,0,0,46.75,0,145,0,0,0,0,0,0,1
14,1,20,6,0,0,10.11111111,3,148,0,0,0,1,0,0,0
15,1,1,1,1,0,27.5,1,1,0,1,0,0,0,0,0
15,1,1,2,1,0,27.5,2,3,0,0,1,0,0,0,0
15,1,1,3,1,0,27.5,4,7,0,0,0,0,1,0,0
15,1,1,4,1,0,27.5,1,8,0,1,0,0,0,0,0
15,1,1,5,1,0,22.08,1,9,0,1,0,0,0,0,0
15,1,1,6,1,0,27.5,0,9,1,0,0,0,0,0,0
15,1,2,1,1,0,27.5,4,13,0,0,0,0,1,0,0
15,1,2,2,1,0,27.5,0,13,1,0,0,0,0,0,0
15,1,2,3,1,0,27.5,0,13,1,0,0,0,0,0,0
15,1,2,4,1,0,22.08,2,15,0,0,1,0,0,0,0
15,1,2,5,1,0,22.08,4,19,0,0,0,0,1,0,0
15,1,2,6,1,0,22.08,3,22,0,0,0,1,0,0,0
15,1,3,1,1,0,22.08,4,26,0,0,0,0,1,0,0
15,1,3,2,1,0,22.08,4,30,0,0,0,0,1,0,0
15,1,3,3,1,0,22.08,0,30,1,0,0,0,0,0,0
15,1,3,4,1,0,22.08,0,30,1,0,0,0,0,0,0
15,1,3,5,1,0,22.08,4,34,0,0,0,0,1,0,0
15,1,3,6,1,0,22.08,4,38,0,0,0,0,1,0,0
15,1,4,1,1,0,27.5,0,38,1,0,0,0,0,0,0
15,1,4,2,1,0,27.5,4,42,0,0,0,0,1,0,0
15,1,4,3,1,0,27.5,0,42,0,0,0,0,0,0,1
15,1,4,4,1,0,22.08,0,42,1,0,0,0,0,0,0
15,1,4,5,1,0,22.08,0,42,1,0,0,0,0,0,0
15,1,4,6,1,0,22.08,4,46,0,0,0,0,1,0,0
15,1,5,1,1,1,38.375,1,47,0,1,0,0,0,0,0
15,1,5,2,1,1,22.08,1,48,0,1,0,0,0,0,0
15,1,5,3,1,1,38.375,4,52,0,0,0,0,1,0,0
15,1,5,4,1,1,38.375,0,52,1,0,0,0,0,0,0
15,1,5,5,1,1,38.375,1,53,0,1,0,0,0,0,0
15,1,5,6,1,1,22.08,0,53,1,0,0,0,0,0,0
15,1,6,1,1,0,38.375,3,56,0,0,0,1,0,0,0
15,1,6,2,1,0,22.08,0,56,1,0,0,0,0,0,0
15,1,6,3,1,0,22.08,0,56,1,0,0,0,0,0,0
15,1,6,4,1,0,22.08,0,56,1,0,0,0,0,0,0
15,1,6,5,1,0,22.08,0,56,1,0,0,0,0,0,0
15,1,6,6,1,0,22.08,1,57,0,1,0,0,0,0,0
15,1,7,1,0,1,22.08,1,58,0,1,0,0,0,0,0
15,1,7,2,0,1,38.375,1,59,0,1,0,0,0,0,0
15,1,7,3,0,1,22.08,1,60,0,1,0,0,0,0,0
15,1,7,4,0,1,38.375,1,61,0,1,0,0,0,0,0
15,1,7,5,0,1,22.08,0,61,1,0,0,0,0,0,0
15,1,7,6,0,1,22.08,0,61,0,0,0,0,0,0,1
15,1,8,1,0,0,38.375,1,62,0,1,0,0,0,0,0
15,1,8,2,0,0,30.40740741,0,62,1,0,0,0,0,0,0
15,1,8,3,0,0,30.40740741,0,62,1,0,0,0,0,0,0
15,1,8,4,0,0,30.40740741,0,62,1,0,0,0,0,0,0
15,1,8,5,0,0,30.40740741,1,63,0,1,0,0,0,0,0
15,1,8,6,0,0,38.375,0,63,1,0,0,0,0,0,0
15,1,9,1,0,1,30.40740741,1,64,0,1,0,0,0,0,0
15,1,9,2,0,1,38.375,1,65,0,1,0,0,0,0,0
15,1,9,3,0,1,30.40740741,0,65,1,0,0,0,0,0,0
15,1,9,4,0,1,30.40740741,1,66,0,1,0,0,0,0,0
15,1,9,5,0,1,38.375,1,67,0,1,0,0,0,0,0
15,1,9,6,0,1,30.40740741,0,67,1,0,0,0,0,0,0
15,1,10,1,0,1,38.375,2,69,0,0,1,0,0,0,0
15,1,10,2,0,1,38.375,0,69,0,0,0,0,0,0,1
15,1,10,3,0,1,19.53333333,1,70,0,1,0,0,0,0,0
15,1,10,4,0,1,30.40740741,1,71,0,1,0,0,0,0,0
15,1,10,5,0,1,19.53333333,0,71,1,0,0,0,0,0,0
15,1,10,6,0,1,19.53333333,1,72,0,1,0,0,0,0,0
15,1,11,1,0,1,19.53333333,1,73,0,1,0,0,0,0,0
15,1,11,2,0,1,30.40740741,0,73,0,0,0,0,0,0,1
15,1,11,3,0,1,45.6,0,73,1,0,0,0,0,0,0
15,1,11,4,0,1,45.6,1,74,0,1,0,0,0,0,0
15,1,11,5,0,1,19.53333333,1,75,0,1,0,0,0,0,0
15,1,11,6,0,1,45.6,1,76,0,1,0,0,0,0,0
15,1,12,1,0,1,45.6,0,76,1,0,0,0,0,0,0
15,1,12,2,0,1,45.6,0,76,1,0,0,0,0,0,0
15,1,12,3,0,1,45.6,2,78,0,0,1,0,0,0,0
15,1,12,4,0,1,45.6,0,78,1,0,0,0,0,0,0
15,1,12,5,0,1,45.6,1,79,0,1,0,0,0,0,0
15,1,12,6,0,1,19.53333333,1,80,0,1,0,0,0,0,0
15,1,13,1,0,1,19.53333333,0,80,1,0,0,0,0,0,0
15,1,13,2,0,1,19.53333333,1,81,0,1,0,0,0,0,0
15,1,13,3,0,1,45.6,3,84,0,0,0,1,0,0,0
15,1,13,4,0,1,19.53333333,0,84,1,0,0,0,0,0,0
15,1,13,5,0,1,19.53333333,1,85,0,1,0,0,0,0,0
15,1,13,6,0,1,45.6,0,85,1,0,0,0,0,0,0
15,1,14,1,0,1,19.53333333,0,85,1,0,0,0,0,0,0
15,1,14,2,0,1,19.53333333,1,86,0,1,0,0,0,0,0
15,1,14,3,0,1,45.6,1,87,0,1,0,0,0,0,0
15,1,14,4,0,1,19.53333333,0,87,0,0,0,0,0,0,1
15,1,14,5,0,1,11.5,0,87,1,0,0,0,0,0,0
15,1,14,6,0,1,11.5,1,88,0,1,0,0,0,0,0
15,1,15,1,0,0,11.5,0,88,1,0,0,0,0,0,0
15,1,15,2,0,0,11.5,0,88,1,0,0,0,0,0,0
15,1,15,3,0,0,11.5,4,92,0,0,0,0,1,0,0
15,1,15,4,0,0,11.5,0,92,1,0,0,0,0,0,0
15,1,15,5,0,0,11.5,2,94,0,0,1,0,0,0,0
15,1,15,6,0,0,11.5,1,95,0,1,0,0,0,0,0
15,1,15,1,0,0,11.5,0,95,0,0,0,0,0,0,1
15,1,16,2,0,0,45.6,1,96,0,1,0,0,0,0,0
15,1,16,3,0,0,43,1,97,0,1,0,0,0,0,0
15,1,16,4,0,0,45.6,1,98,0,1,0,0,0,0,0
15,1,16,5,0,0,43,0,98,1,0,0,0,0,0,0
15,1,16,6,0,0,43,1,99,0,1,0,0,0,0,0
15,1,17,1,0,0,43,0,99,1,0,0,0,0,0,0
15,1,17,2,0,0,43,0,99,1,0,0,0,0,0,0
15,1,17,3,0,0,43,1,100,0,1,0,0,0,0,0
15,1,17,4,0,0,45.6,0,100,1,0,0,0,0,0,0
15,1,17,5,0,0,45.6,1,101,0,1,0,0,0,0,0
15,1,17,6,0,0,43,1,102,0,1,0,0,0,0,0
15,1,17,1,0,0,43,0,102,0,0,0,0,0,0,1
15,1,18,2,0,0,10,0,102,1,0,0,0,0,0,0
15,1,18,3,0,0,10,4,106,0,0,0,0,1,0,0
15,1,18,4,0,0,10,0,106,1,0,0,0,0,0,0
15,1,18,5,0,0,10,0,106,1,0,0,0,0,0,0
15,1,18,6,0,0,10,2,108,0,0,1,0,0,0,0
15,1,19,1,0,0,45.6,4,112,0,0,0,0,1,0,0
15,1,19,2,0,0,45.6,1,113,0,1,0,0,0,0,0
15,1,19,3,0,0,10,1,114,0,1,0,0,0,0,0
15,1,19,4,0,0,45.6,2,116,0,0,1,0,0,0,0
15,1,19,5,0,0,45.6,4,120,0,0,0,0,1,0,0
15,1,19,6,0,0,45.6,0,120,1,0,0,0,0,0,0
15,1,20,1,0,0,10,1,121,0,1,0,0,0,0,0
15,1,20,2,0,0,45.6,0,121,1,0,0,0,0,0,0
15,1,20,3,0,0,45.6,0,121,1,0,0,0,0,0,0
15,1,20,4,0,0,45.6,1,122,0,1,0,0,0,0,0
15,1,20,5,0,0,10,1,123,0,1,0,0,0,0,0
15,1,20,6,0,0,45.6,4,127,0,0,0,0,1,0,0
